name,album,artist,id,release_date,popularity,length,danceability,acousticness,energy,instrumentalness,liveness,valence,loudness,speechiness,tempo,key,time_signature,kmeans
Location,American Teen,Khalid,152lZdxL1OR0ZMW6KquMif,2017-04-27,79,219080,0.736,0.33,0.449,0.000162,0.0898,0.326,-11.462,0.425,80.126,1,4,1
Same Drugs,Coloring Book,Chance the Rapper,6m9qPYXmhge2QhBLfFKnVF,2016-05-27,62,257775,0.461,0.947,0.293,9.95e-06,0.0936,0.531,-9.52,0.0555,180.297,6,4,1
Sunday Candy,Surf,Donnie Trumpet & The Social Experiment,6fTdcGsjxlAD9PSkoPaLMX,2015-06-30,65,226013,0.511,0.53,0.596,0.0,0.0798,0.554,-6.56,0.224,158.063,0,4,1
Grey Luh,Berhana,Berhana,1x1BKrrpq7CfOZPBeUsx16,2016-07-21,57,261102,0.543,0.597,0.298,1.49e-06,0.0804,0.254,-9.167,0.0683,125.523,0,4,1
Thinkin Bout You,channel ORANGE,Frank Ocean,7DfFc7a6Rwfi3YQMRbDMau,2012-07-10,77,200746,0.721,0.409,0.339,0.00153,0.0973,0.2,-11.195,0.0532,129.83,0,4,1
Broad Shoulders (feat. Chance the Rapper),Broad Shoulders,Taylor Bennett,6m3ZXs465Rt4Tc1iiLktXL,2015-12-14,48,227263,0.6,0.822,0.524,3.29e-05,0.104,0.449,-9.297,0.146,127.5,0,4,1
Juke Jam (feat. Justin Bieber & Towkio),Coloring Book,Chance the Rapper,3eze1OsZ1rqeXkKStNfTmi,2016-05-27,64,219683,0.505,0.716,0.397,0.0,0.0853,0.558,-9.349,0.324,95.063,5,1,1
Pink + White,Blonde,Frank Ocean,3xKsf9qdS1CyvXSMEid6g8,2016-08-20,80,184516,0.544,0.67,0.552,4.57e-05,0.415,0.554,-7.45,0.0991,159.738,9,3,1
Psycho (feat. Ty Dolla $ign),beerbongs & bentleys,Post Malone,3swc6WTsr7rl9DqQKQA55C,2018-04-27,79,221440,0.75,0.546,0.56,0.0,0.111,0.459,-8.094,0.105,140.06,8,4,1
Boredom (feat. Rex Orange County & Anna of the North),Flower Boy,"Tyler, The Creator",5WNYg3usc6H8N3MBEp4zVk,2017-07-21,72,320720,0.559,0.79,0.578,0.000522,0.324,0.239,-9.54,0.151,79.938,8,4,1
Summer Friends (feat. Jeremih & Francis & The Lights),Coloring Book,Chance the Rapper,2fl0B0OaXjWbjHCQFx2O8W,2016-05-27,58,290316,0.693,0.675,0.426,1.03e-05,0.115,0.477,-12.476,0.302,144.796,8,4,1
The Weekend,Ctrl,SZA,6gU9OKjOE7ghfEd55oRO57,2017-06-09,74,272186,0.4,0.242,0.366,0.0,0.126,0.161,-9.405,0.0597,73.313,8,3,1
Never Be Like You (feat. Kai),Skin,Flume,5WI2ltQIdwgzf1SNE76JyR,2016-05-27,67,234909,0.444,0.453,0.557,0.0,0.152,0.296,-5.476,0.0602,115.058,0,4,1
Sunflower - Spider-Man: Into the Spider-Verse,Sunflower (Spider-Man: Into the Spider-Verse),Post Malone,1A6OTy97kk0mMdm78rHsm8,2018-10-18,0,158053,0.753,0.551,0.498,0.0,0.0706,0.927,-5.61,0.0504,89.95,2,4,1
Up There,Stoney (Deluxe),Post Malone,2rKmNEYrQxaOPZrOWKZpOc,2016-12-09,63,194826,0.654,0.373,0.378,1.07e-05,0.0971,0.437,-8.108,0.0322,72.976,5,4,1
Janet,Berhana,Berhana,3ml3WB66sqG4kXoPBX2POA,2016-07-21,55,204000,0.81,0.354,0.308,0.0,0.0899,0.56,-8.194,0.0818,120.012,0,4,1
Chanel,Chanel,Frank Ocean,6Nle9hKrkL1wQpwNfEkxjh,2017-03-10,79,210285,0.776,0.874,0.503,0.0,0.112,0.473,-5.732,0.237,110.134,0,4,1
Get You (feat. Kali Uchis),Freudian,Daniel Caesar,7zFXmv6vqI4qOt4yGf3jYZ,2017-08-25,80,278179,0.658,0.422,0.294,5.2e-05,0.0749,0.358,-8.533,0.0321,74.038,4,4,1
Electric (feat. Khalid),The Color Of You,Alina Baraz,2mj7x99sNUsVHPBRK51zlG,2018-04-06,67,246327,0.599,0.738,0.396,2.19e-05,0.102,0.134,-10.489,0.0392,111.072,10,4,1
Coaster,American Teen,Khalid,39KG4kom3enSx4GTThuDGt,2017-04-27,72,199120,0.441,0.935,0.219,0.0,0.115,0.244,-14.586,0.0419,94.021,8,4,1
Honey,Honey,Kehlani,5QTdOvIF2ehBMZpSIIGzIo,2017-10-06,68,199209,0.606,0.772,0.24,0.0,0.0819,0.526,-7.102,0.0369,96.792,3,4,1
"Psycho, Pt. 2","Psycho, Pt. 2",Russ,26OhjtaTamFocE08t83ml6,2016-11-08,73,161985,0.766,0.775,0.548,5.57e-06,0.1,0.424,-4.29,0.235,82.944,10,4,1
First Fuck,First Fuck,6LACK,1u4orOe6gYxeE9xKpv11Qi,2017-02-24,61,205489,0.35,0.916,0.315,2.82e-06,0.0959,0.427,-9.753,0.064,88.449,3,4,1
Nights,Blonde,Frank Ocean,7eqoqGkKwgOaWNNHx90uEZ,2016-08-20,79,307151,0.466,0.42,0.548,1.01e-06,0.113,0.423,-9.362,0.118,89.815,5,4,1
Jocelyn Flores,17,XXXTENTACION,7m9OqQk4RVRkw9JJdeAw96,2017-08-25,85,119133,0.872,0.469,0.391,4.13e-06,0.297,0.437,-9.144,0.242,134.021,0,4,1
Mona Lisa,Mona Lisa,Naji,5GUvXUx0GbyBKO2f8yQxFn,2016-12-04,0,184888,0.586,0.692,0.404,0.00372,0.0908,0.347,-10.402,0.21,90.563,1,5,1
Hold on to Me,Hold on to Me,Kyle Dion,1PCawYuyiURCUeFks8fkh7,2016-08-11,43,267859,0.326,0.835,0.395,0.000113,0.0903,0.393,-6.399,0.0342,94.664,11,4,1
Vibin' Out,French Kiwi Juice,FKJ,6SEolIp22t0DzeBfCBo3hr,2017-03-02,64,311837,0.41,0.847,0.169,0.00327,0.117,0.208,-11.422,0.0485,89.494,3,4,1
Blind Man,Blind Man,Xavier Omär,0DQQRJ4sR3pxwom9L7D7QR,2018-07-27,57,242195,0.89,0.453,0.523,1.58e-06,0.0831,0.345,-8.526,0.056,111.031,6,4,1
Right My Wrongs,T R A P S O U L,Bryson Tiller,5rgrBsAFYMun6yhtnLKRPz,2015-10-02,74,249320,0.543,0.345,0.449,0.0,0.157,0.29,-8.065,0.0463,132.609,1,4,1
We Find Love,Freudian,Daniel Caesar,1TPLsNVlofwX1txcE9gZZF,2017-08-25,65,254919,0.51,0.853,0.363,0.0,0.109,0.426,-8.635,0.0304,78.0,5,4,1
Self Control,Blonde,Frank Ocean,5GUYJTQap5F3RDQiCOJhrS,2016-08-20,75,249667,0.572,0.765,0.209,0.0,0.356,0.446,-10.413,0.0313,80.069,8,4,1
Poison,Poison,Brent Faiyaz,5NijSs5dAwaIybq1GaRTIe,2016-08-03,71,212992,0.689,0.711,0.394,0.000905,0.0859,0.382,-10.102,0.065,117.489,2,3,1
Losin Control,There's Really A Wolf,Russ,4cxMGhkinTocPSVVKWIw0d,2017-05-05,75,237506,0.759,0.515,0.245,0.000154,0.102,0.209,-6.545,0.138,96.992,6,4,1
Hold Me Down,Freudian,Daniel Caesar,1Mza2sr6tPhy6jjI3HB9fW,2017-08-25,64,231267,0.463,0.628,0.427,0.000565,0.0911,0.231,-9.799,0.0549,116.059,8,4,1
Provider,Provider,Frank Ocean,6R6ihJhRbgu7JxJKIbW57w,2017-08-27,64,243238,0.654,0.74,0.325,2.14e-05,0.152,0.39,-11.925,0.282,139.886,2,4,1
Pink Matter,channel ORANGE,Frank Ocean,1fOkmYW3ZFkkjIdOZSf596,2012-07-10,69,268813,0.392,0.951,0.233,0.000322,0.106,0.494,-11.012,0.0587,176.569,11,3,1
Too Fast,Too Fast,Sonder,42QRyJd5x6e2TFR1S41g2p,2016-10-25,61,308005,0.395,0.316,0.33,1.89e-05,0.268,0.102,-10.924,0.0408,98.813,4,3,1
Drive Safe - A COLORS SHOW,Drive Safe - A COLORS SHOW,Rich Brian,2cM5JyfLJqA4B0SS2QrGxI,2019-12-13,0,204000,0.685,0.615,0.159,0.0,0.0978,0.519,-14.497,0.0306,98.007,7,4,1
Ivy,Blonde,Frank Ocean,2ZWlPOoWh0626oTaHrnl2a,2016-08-20,79,249191,0.567,0.782,0.388,0.000309,0.248,0.452,-9.579,0.0384,116.362,9,4,1
Streetcar,Pilgrim's Paradise,Daniel Caesar,7Cu2COdH93MnuireuKNiS3,2015-11-12,69,246972,0.41,0.721,0.298,0.0,0.158,0.142,-11.796,0.0473,109.651,3,3,1
Ain't Nobody Takin My Baby,Ain't Nobody Takin My Baby,Russ,6VnqGxiMNexOe0kRmIsBw4,2016-12-23,66,189231,0.696,0.673,0.57,3.02e-06,0.098,0.329,-9.084,0.557,76.976,0,4,1
Insecure,A.M. Paradox,Brent Faiyaz,4t5Zj9I7WDYFaYlSif13lV,2016-09-20,59,245619,0.436,0.509,0.306,0.0,0.591,0.355,-11.337,0.0886,95.337,11,5,1
Marvins Room,Take Care (Deluxe),Drake,047fCsbO4NdmwCBn8pcUXl,2011-11-15,74,347226,0.492,0.646,0.26,0.00178,0.0705,0.312,-17.341,0.0921,111.519,9,5,1
Tadow,Lady Lady,Masego,51rPRW8NjxZoWPPjnRGzHw,2018-09-07,75,301893,0.704,0.669,0.487,8.64e-05,0.111,0.313,-6.407,0.0604,121.726,9,4,1
Girls Need Love,Last Day Of Summer,Summer Walker,644rGY6maSElnKVsAg1gJj,2018-10-19,73,140760,0.645,0.558,0.418,0.0003,0.562,0.123,-10.065,0.29,96.963,6,4,1
Lovely,A.M. Paradox,Brent Faiyaz,2jGjNCH6Op0BqBHPc4Rd8d,2016-09-20,61,291098,0.385,0.575,0.473,2.88e-05,0.13,0.0575,-8.656,0.0519,143.614,8,3,1
Afraid,Afraid,Xavier Omär,2zIkPM6r0yEjWt18qG3jP3,2017-03-29,50,220043,0.726,0.355,0.296,0.0,0.112,0.148,-7.859,0.0393,123.942,4,4,1
Easily,A Song For Every Moon,Bruno Major,2k9N4caeCIJLOWwWwssrEM,2017-08-31,75,210240,0.772,0.491,0.256,0.00612,0.144,0.357,-8.545,0.0481,118.902,7,3,1
Running Away,Running Away,Genevieve Stokes,10wQ1DKIMOfJy6vFUc3ClF,2020-04-10,0,186706,0.432,0.947,0.256,7.15e-06,0.161,0.168,-9.95,0.0416,115.721,0,4,1
Zeus,Zeus,Croosh,0NbxvadJQOnlwk3cFbhDNV,2016-12-17,46,150622,0.889,0.413,0.324,0.0,0.09,0.577,-7.55,0.0468,110.041,5,4,1
Too Deep,SEPT 5TH,dvsn,3uSSjnDMmoyERaAK9KvpJR,2016-03-27,60,200223,0.616,0.284,0.243,0.149,0.264,0.56,-13.975,0.103,183.948,9,4,1
Good Love,Good Love,11:11,37YyskMNuGKjKwjifDaHzB,2017-06-13,39,266281,0.646,0.689,0.325,3.55e-06,0.084,0.321,-7.941,0.0311,127.894,11,4,1
Best Part (feat. H.E.R.),H.E.R.,H.E.R.,4OBZT9EnhYIV17t4pGw7ig,2017-10-20,73,209400,0.473,0.793,0.371,0.0,0.109,0.413,-10.219,0.0405,75.205,4,4,1
Make Luv,Make Luv,Brent Faiyaz,2CInzVilMduj9L8dDXwyUA,2018-02-09,62,193309,0.661,0.441,0.413,4.19e-05,0.114,0.276,-9.069,0.218,143.974,8,4,1
Stoop So Low,Stoop So Low,Alextbh,3DNsBFRbQWxygrn4UsqvTF,2016-11-07,49,197938,0.426,0.67,0.397,0.0,0.109,0.335,-9.089,0.0546,87.424,4,1,1
Late Night Drive,Late Night Drive,Yo Trane,0K83VVfg5Y4bPoZ4kmytKH,2016-04-19,53,252371,0.491,0.382,0.375,0.0,0.103,0.19,-10.031,0.2,97.116,6,4,1
Who Hurt You?,Who Hurt You?,Daniel Caesar,23c9gmiiv7RCu7twft0Mym,2018-10-16,69,231964,0.649,0.586,0.493,0.000167,0.0667,0.277,-7.645,0.11,104.542,11,4,1
Carry Me Home,Project 11,Jorja Smith,6fracv4du3sDwo1XKcPrkw,2016-11-17,58,282329,0.471,0.633,0.352,2.75e-05,0.115,0.102,-9.699,0.0391,118.333,2,3,1
Feel,Into,Sonder,1uverlfbbG8InEPioAwB8y,2017-01-27,54,232502,0.455,0.525,0.255,0.00176,0.382,0.195,-14.512,0.0377,131.959,6,4,1
Stay Down,Sonder Son,Brent Faiyaz,4mwiRPRAUSSFD6lJ86m98B,2017-10-13,61,207325,0.551,0.617,0.301,1.1e-05,0.136,0.488,-13.065,0.111,84.695,11,4,1
Been Away,Fuck The World,Brent Faiyaz,5PvVkf1Yuq3XyMqqjPiKPd,2020-02-07,71,223629,0.602,0.477,0.5,5.69e-05,0.295,0.395,-9.377,0.298,132.798,8,4,1
Rehab (Winter In Paris),Fuck The World,Brent Faiyaz,0zWbYGQq5O1KQd0iqzgjP6,2020-02-07,71,180303,0.549,0.809,0.242,8.1e-05,0.127,0.286,-11.692,0.038,144.211,5,4,1
Dead Man Walking,Dead Man Walking,Brent Faiyaz,5VlTQnZO89Ioku8ssdbqJk,2020-09-18,77,247079,0.505,0.279,0.267,0.0,0.096,0.439,-13.763,0.05,143.929,9,4,1
Biking,Biking,Frank Ocean,2q0VexHJirnUPnEOhr2DxK,2017-04-10,69,277520,0.673,0.681,0.463,4.9e-06,0.0907,0.268,-7.247,0.191,147.981,2,4,1
Gimme Love,Nectar,Joji,0HItcI6qN6Dr4MC3CZryQh,2020-09-25,73,214557,0.484,0.695,0.632,0.0243,0.209,0.0736,-6.917,0.0976,126.384,5,3,1
CPR,Last Day Of Summer,Summer Walker,5Tp4UJvnsF4Zd05k0zXUte,2018-10-19,63,203240,0.693,0.637,0.369,0.00335,0.0951,0.141,-12.683,0.175,140.148,7,4,1
Care,Into,Sonder,3tkxfORwPo2zydAf25YFOc,2017-01-27,56,164488,0.36,0.889,0.182,7.53e-06,0.117,0.098,-16.803,0.0388,126.721,10,3,1
Fuck The World (Summer in London),Fuck The World,Brent Faiyaz,2CzUlaKN1mvb0szagSR3ux,2020-02-07,72,236703,0.679,0.873,0.281,0.00335,0.215,0.234,-15.506,0.184,74.996,3,4,1
Mood,Morning After,dvsn,4L1eqdFY10yO7tMzvRp0sx,2017-10-13,51,215044,0.622,0.318,0.446,0.0135,0.0904,0.168,-9.647,0.22,68.85,9,4,1
Easy,Drive Slow,Mac Ayres,58dSdjfEYNSxte1aNVxuNf,2017-08-11,68,314357,0.722,0.373,0.282,0.00557,0.147,0.217,-7.484,0.106,91.367,5,4,1
White Ferrari,Blonde,Frank Ocean,2LMkwUfqC6S6s6qDVlEuzV,2016-08-20,77,248807,0.444,0.784,0.0924,0.0,0.304,0.219,-15.605,0.0366,108.917,0,4,1
Floating (feat. Khalid),The Color Of You,Alina Baraz,2vLWF4yFhTHQZVwrPTjH1s,2018-04-06,67,174489,0.66,0.81,0.447,2.15e-06,0.11,0.578,-9.026,0.0482,84.95,1,4,1
Heebiejeebies - Bonus,Good For You,Aminé,32xx0fAv3CIeGmNaWTHvEF,2017-07-28,64,220160,0.765,0.423,0.5,0.0,0.108,0.495,-7.626,0.152,107.043,1,4,1
Good News,Circles,Mac Miller,1DWZUa5Mzf2BwzpHtgbHPY,2020-01-17,75,342040,0.794,0.853,0.32,0.134,0.112,0.241,-12.92,0.173,174.088,1,4,1
Juno,Honeybloom,Choker,6OpU3cvY19M2hFxTbLKy5L,2018-08-03,59,231680,0.438,0.922,0.266,0.000298,0.148,0.116,-12.863,0.0363,120.075,7,4,1
Pretty Little Fears (feat. J. Cole),East Atlanta Love Letter,6LACK,4at3d5QWnlibMVN75ECDrp,2018-09-14,74,240341,0.61,0.696,0.458,0.000103,0.0852,0.246,-11.336,0.36,192.099,9,4,1
Honesty,PINK PLANET,Pink Sweat$,19gCnDoMbugHhF7eMpLpe1,2021-02-12,70,189000,0.66,0.964,0.139,1.1e-05,0.105,0.312,-16.339,0.0323,79.975,6,4,1
Morning,Groovy People,Marc E. Bassy,54Yappwod1fELR5zb2gDBn,2016-08-05,65,206080,0.462,0.563,0.438,0.0,0.181,0.342,-8.227,0.0953,107.364,10,3,1
Dirty Water,Groovy People,Marc E. Bassy,52rbzvOCmHgprzUaMqZEPK,2016-08-05,56,161106,0.666,0.404,0.408,0.00251,0.0316,0.474,-7.464,0.0393,92.01,1,4,1
ROS,GO:OD AM,Mac Miller,388jD8ko9cvFM9cd9TYDrl,2015-09-18,66,343213,0.535,0.601,0.448,0.0,0.376,0.284,-8.919,0.175,120.554,1,4,1
Edition,Edition,Rex Orange County,1wz7B02oOtrTW6SNLG0cSk,2017-09-12,62,115000,0.86,0.807,0.332,0.0,0.106,0.26,-10.263,0.22,140.949,1,4,1
North Face,Analogue,ODIE,63bAGRSSX2V1hhPSP2NpBC,2018-04-06,70,196799,0.802,0.792,0.382,0.163,0.0783,0.581,-7.356,0.0312,99.969,10,4,1
Gettin' Old,FREE 6LACK,6LACK,1S4sxNGmCASkyRI08YhLtT,2016-11-18,53,215000,0.743,0.4,0.4,0.000311,0.111,0.229,-12.369,0.0625,80.01,11,4,1
Seasons (feat. Khalid),East Atlanta Love Letter,6LACK,1AROE0XcC4ySCxXF65mutZ,2018-09-14,63,250001,0.6,0.692,0.319,0.00958,0.137,0.507,-10.272,0.294,141.96,0,4,1
Lens,Lens,Frank Ocean,371H6HjS4SXGbQ9IVfFUIL,2017-04-23,58,227654,0.681,0.588,0.333,0.0,0.086,0.564,-8.582,0.0974,118.05,9,4,1
West,Indigo,River Tiber,2R5GzHdM4xdA8HNLIF8lOY,2016-06-24,55,152250,0.265,0.899,0.473,0.078,0.226,0.143,-8.379,0.0447,120.909,8,3,1
Godspeed,Blonde,Frank Ocean,34xTFwjPQ1dC6uJmleno7x,2016-08-20,74,177922,0.421,0.931,0.0952,0.000201,0.126,0.0773,-12.561,0.0479,109.698,6,4,1
Postclubridehomemusic,Peder,Lido,1D1OGqiNpybJDsbFYSH5kc,2020-09-18,4,227040,0.671,0.349,0.361,1.08e-06,0.108,0.447,-11.764,0.236,76.95,11,4,1
Between the Lines (feat. Chris Lee),Free Pxrn: The Memoir of an American Heathen,Jase Harley,1zpLBaEx3KX98Cknyi9Ai1,2016-03-18,45,225228,0.838,0.429,0.374,0.0013,0.131,0.28,-11.991,0.112,120.013,0,4,1
Violet,Violet,Daniel Caesar,22jnEneSABg4vRCR1vow7F,2015-07-01,60,144000,0.688,0.748,0.425,0.00548,0.101,0.179,-8.134,0.027,129.975,4,4,1
Come Back to Earth,Swimming,Mac Miller,01z2fBGB8Hl3Jd3zXe4IXR,2018-08-03,73,161840,0.272,0.89,0.238,0.00925,0.275,0.119,-12.148,0.0349,83.507,2,4,1
My Favorite Part,The Divine Feminine,Mac Miller,66wkCYWlXzSTQAfnsPBptt,2016-09-16,73,216000,0.861,0.627,0.33,1.93e-06,0.14,0.718,-7.194,0.0526,95.016,6,4,1
Slow It Down,Slow It Down,Zaia,3xLXMPhcO310sEYPfXh4Ic,2017-04-21,32,206000,0.555,0.795,0.557,3.87e-05,0.121,0.346,-8.763,0.251,155.056,0,4,1
Ruby Red,S!ck S!ck S!ck,Smino,0E6GxVs1NLV9FxK9rK4K1G,2016-12-01,42,264125,0.568,0.507,0.515,0.0,0.0997,0.26,-9.212,0.474,126.819,5,4,1
Pisces,Found.,RIZ LA VIE,3HZsYrpRboqKdL3tOltQTi,2017-01-17,48,255929,0.708,0.763,0.38,0.0,0.123,0.217,-9.088,0.0948,113.1,3,4,1
Death & Taxes,Pilgrim's Paradise,Daniel Caesar,7HnkUNPrhRurdGEm9nRYFH,2015-11-12,59,305081,0.448,0.803,0.328,9.34e-05,0.347,0.209,-11.132,0.0351,113.941,7,3,1
CYANIDE,CASE STUDY 01,Daniel Caesar,3uouaAVXpQR3X8RYkJyitQ,2019-06-28,71,194959,0.589,0.704,0.652,0.00055,0.125,0.486,-7.498,0.373,158.49,10,4,1
Wild Irish Roses,blkswn,Smino,6efkcs2aUBMFKxl0cl2JWQ,2017-03-14,67,169319,0.639,0.554,0.295,3.09e-05,0.3,0.634,-11.237,0.544,86.947,0,4,1
Caretaker (feat. SZA),Gahdamn!,Shelley FKA DRAM,4XQQovRSltOGWevTCgacXY,2015-10-23,58,171373,0.614,0.78,0.275,0.0,0.119,0.165,-12.804,0.186,130.664,2,4,1
Amphetamine,blkswn,Smino,3Zau3JcrZcBfw8aVjKGkSX,2017-03-14,63,469830,0.619,0.715,0.532,1.33e-05,0.0953,0.401,-9.554,0.515,120.019,5,4,1
Here (feat. Xavier Omär),Free Your Soul: Side A (Deluxe Version),Asaiah Ziv,5oy4VFaAESEx7z45Oy0eXE,2016-06-09,37,196650,0.495,0.556,0.577,0.0,0.172,0.439,-6.097,0.879,192.021,9,4,1
Take Me Away (feat. Syd),Freudian,Daniel Caesar,3E895HtTn6lB40SA0l9EkL,2017-08-25,60,226116,0.395,0.708,0.409,1.62e-05,0.0982,0.193,-8.58,0.056,74.088,6,4,1
All the Time,All the Time,Souly Had,6fnogme1RNJKay9aCJNJaa,2017-02-22,51,177855,0.589,0.322,0.313,0.0,0.105,0.0905,-10.001,0.137,164.573,0,3,1
Lock It Up (feat. Kehlani),"Only The Poets Mixtape, Vol. 1",Marc E. Bassy,6uT9XRrPvimLt62FNjMNBv,2014-07-29,46,226220,0.738,0.653,0.443,0.0,0.103,0.687,-9.614,0.0707,127.084,5,4,1
Lush,Peak,Choker,4vZcsZnmpZ0GAISQon0TvU,2017-05-06,31,324000,0.445,0.954,0.322,0.0,0.0975,0.275,-11.016,0.0624,69.442,8,4,1
Netflix & Dusse,blkswn,Smino,4hP7NIeToP2hU6lyvIHPyp,2017-03-14,53,259338,0.729,0.441,0.329,0.0,0.32,0.159,-9.703,0.529,79.958,7,4,1
Stay,The Divine Feminine,Mac Miller,4brX8MJs5hxErgq48f9REO,2016-09-16,66,326426,0.742,0.566,0.561,0.000135,0.641,0.55,-7.017,0.139,134.01,6,4,1
Moonlight in Atlanta,Moonlight in Atlanta,Russ,4vzV11MKDc82D9r1YV61MQ,2016-01-15,59,163500,0.514,0.891,0.32,0.0,0.0977,0.236,-9.669,0.144,76.916,9,4,1
Herside Story,At What Cost,GoldLink,564oa00vY05d1uYnTEAAmE,2017-03-24,63,183760,0.885,0.656,0.595,4.42e-06,0.105,0.754,-5.487,0.286,148.034,7,4,1
To the Moon,Yours Truly Forever,Phora,6Umac95Mt46VcwAM9s9mOa,2017-08-18,63,252320,0.54,0.624,0.572,0.0,0.14,0.43,-8.665,0.115,82.562,9,3,1
The Need to Know (feat. SZA),The Album About Nothing,Wale,6KacmqPPQ3LNoiGFuqGChs,2015-03-31,65,216831,0.537,0.487,0.411,9.21e-06,0.3,0.207,-14.059,0.502,94.292,7,4,1
Good Days,Good Days,SZA,3YJJjQPAbDT7mGpX3WtQ9A,2020-12-25,83,279204,0.436,0.499,0.655,8.1e-06,0.688,0.412,-8.37,0.0583,121.002,1,4,1
Sheba With Angel Mae,Preacher's Son,YGTUT,4FwWyejS6KrYsKFxRtweHz,2015-05-02,38,137196,0.712,0.597,0.351,1.85e-06,0.132,0.358,-14.047,0.389,129.928,11,4,1
Navy Blue,Navy Blue,HASANI,4CAFjRhubtiR8M3z4qbc2W,2016-11-08,50,163801,0.56,0.649,0.295,3.41e-05,0.112,0.246,-14.843,0.242,130.399,11,4,1
She Knows About Me,Waking at Dawn,Roy Woods,2bxG0N7YsdkIBfuLsE0J8i,2016-07-01,50,220408,0.445,0.751,0.541,0.0,0.199,0.377,-7.407,0.0816,81.656,9,4,1
Could've Been (feat. Bryson Tiller),I Used To Know Her,H.E.R.,6oEVnWKgPqIEPc53OYDNqG,2019-08-30,75,252746,0.45,0.649,0.352,3.8e-06,0.249,0.408,-11.733,0.267,102.679,1,4,1
"Yo Love - From ""Queen & Slim: The Soundtrack""","Yo Love (From ""Queen & Slim: The Soundtrack"")",Vince Staples,3Vj8RQkFwOmDvUrwu6MtQZ,2019-11-11,66,143830,0.703,0.565,0.573,3.13e-06,0.0987,0.491,-9.032,0.0724,147.038,0,4,1
Could've Been (feat. Bryson Tiller),I Used To Know Her,H.E.R.,6oEVnWKgPqIEPc53OYDNqG,2019-08-30,75,252746,0.45,0.649,0.352,3.8e-06,0.249,0.408,-11.733,0.267,102.679,1,4,1
Smoke,Daughter of the Sun,vbnd,3KdqW7vrStW0VIp1Pfk0cq,2018-07-06,47,222115,0.861,0.457,0.125,0.421,0.101,0.4,-16.482,0.0708,78.036,0,4,1
White (feat. Frank Ocean),The OF Tape Vol. 2,Odd Future,2gEmgpnxseKEVRTwkSGopN,2012-03-16,63,122933,0.51,0.744,0.0671,0.0,0.166,0.197,-12.163,0.0689,106.017,3,3,1
Priorities,B4 the Heartbreak,Sy Ari Da Kid,7KKSmSsR1Giz5nFrlelbd9,2016-02-04,45,341974,0.488,0.795,0.169,0.0,0.0968,0.208,-15.681,0.0771,93.76,4,4,1
Every Kind Of Way,H.E.R. Volume 2,H.E.R.,71AaGUlQ7I5dRgDEQpdnI4,2017-06-16,59,160160,0.45,0.634,0.3,3.1e-06,0.142,0.207,-9.53,0.0477,96.394,7,4,1
Invite Me,Invite Me,Brent Faiyaz,1nzbFLItWk2ZXrx8jvTmdZ,2016-06-01,54,194552,0.498,0.579,0.449,0.0,0.191,0.256,-7.492,0.038,127.827,9,4,1
Lemonade,Lemonade,Iris Temple,5k1GDTtLb52VPdf2xGwxz7,2016-12-01,40,240000,0.559,0.682,0.298,0.000457,0.128,0.434,-12.918,0.173,118.576,2,4,1
Patiently,Whatever Makes U Happy,JMSN,3o9yzDhGVqfjUZHvcvA6oF,2017-04-28,38,224080,0.721,0.479,0.296,1.39e-05,0.108,0.18,-9.869,0.0398,110.063,2,3,1
All Bad,The Never Story,JID,0G6ExlA2fcJIDGoayswUNT,2017-03-10,55,291760,0.538,0.854,0.238,0.0482,0.11,0.507,-14.541,0.316,78.881,11,1,1
I KNO V3,I KNO V3,Victor Internet,4S8vtRJ78uTUGvTZF3dEmR,2019-12-13,40,148645,0.851,0.495,0.533,1.12e-05,0.108,0.602,-6.462,0.262,77.499,9,4,1
Killing Me,Killing Me,Omar Apollo,1vghSeMBb7AIMT3JaMrlHO,2022-03-11,40,165320,0.861,0.301,0.27,0.00288,0.124,0.608,-9.515,0.0616,84.004,6,4,1
What You Heard,What You Heard,Sonder,3a3dQOO19moXPeTt2PomoT,2019-02-22,72,238242,0.429,0.546,0.371,5.71e-06,0.104,0.135,-9.017,0.0327,137.134,2,4,1
Yours,Yours,SG Lewis,7uNWZOCm6TphuTnwpDUUjN,2016-05-23,46,230540,0.68,0.549,0.241,2.54e-05,0.222,0.211,-11.448,0.247,127.908,6,4,1
Don't Beg,Foreign Water,JAHKOY,0H0vPgfSGvt3g4X4Fnmr2N,2016-10-28,35,176346,0.441,0.406,0.365,0.000218,0.101,0.077,-10.002,0.0514,79.782,6,4,1
Lovely,Into,Sonder,1c2wTe7doRRk2n1XZe0KAM,2017-01-27,54,291448,0.506,0.581,0.503,0.000534,0.628,0.133,-9.003,0.0468,144.015,8,3,1
The Ocean With My Friends,The Ocean With My Friends,Dre'es,6GhUYUEddpxoxWF2pU2QY9,2018-09-19,42,172059,0.377,0.894,0.277,0.119,0.145,0.0701,-16.897,0.0467,164.262,2,4,1
Candy Wrappers,So Polite,Summer Salt,2WrzwxqDxBWcWYkk9DAJ9j,2017-07-18,58,194418,0.691,0.696,0.546,0.415,0.302,0.483,-7.33,0.0263,95.047,5,4,1
Location,American Teen,Khalid,152lZdxL1OR0ZMW6KquMif,2017-04-27,79,219080,0.736,0.33,0.449,0.000162,0.0898,0.326,-11.462,0.425,80.126,1,4,1
Same Drugs,Coloring Book,Chance the Rapper,6m9qPYXmhge2QhBLfFKnVF,2016-05-27,62,257775,0.461,0.947,0.293,9.95e-06,0.0936,0.531,-9.52,0.0555,180.297,6,4,1
Sunday Candy,Surf,Donnie Trumpet & The Social Experiment,6fTdcGsjxlAD9PSkoPaLMX,2015-06-30,65,226013,0.511,0.53,0.596,0.0,0.0798,0.554,-6.56,0.224,158.063,0,4,1
Grey Luh,Berhana,Berhana,1x1BKrrpq7CfOZPBeUsx16,2016-07-21,57,261102,0.543,0.597,0.298,1.49e-06,0.0804,0.254,-9.167,0.0683,125.523,0,4,1
Thinkin Bout You,channel ORANGE,Frank Ocean,7DfFc7a6Rwfi3YQMRbDMau,2012-07-10,77,200746,0.721,0.409,0.339,0.00153,0.0973,0.2,-11.195,0.0532,129.83,0,4,1
Broad Shoulders (feat. Chance the Rapper),Broad Shoulders,Taylor Bennett,6m3ZXs465Rt4Tc1iiLktXL,2015-12-14,48,227263,0.6,0.822,0.524,3.29e-05,0.104,0.449,-9.297,0.146,127.5,0,4,1
Juke Jam (feat. Justin Bieber & Towkio),Coloring Book,Chance the Rapper,3eze1OsZ1rqeXkKStNfTmi,2016-05-27,64,219683,0.505,0.716,0.397,0.0,0.0853,0.558,-9.349,0.324,95.063,5,1,1
Pink + White,Blonde,Frank Ocean,3xKsf9qdS1CyvXSMEid6g8,2016-08-20,80,184516,0.544,0.67,0.552,4.57e-05,0.415,0.554,-7.45,0.0991,159.738,9,3,1
Psycho (feat. Ty Dolla $ign),beerbongs & bentleys,Post Malone,3swc6WTsr7rl9DqQKQA55C,2018-04-27,79,221440,0.75,0.546,0.56,0.0,0.111,0.459,-8.094,0.105,140.06,8,4,1
Boredom (feat. Rex Orange County & Anna of the North),Flower Boy,"Tyler, The Creator",5WNYg3usc6H8N3MBEp4zVk,2017-07-21,72,320720,0.559,0.79,0.578,0.000522,0.324,0.239,-9.54,0.151,79.938,8,4,1
Summer Friends (feat. Jeremih & Francis & The Lights),Coloring Book,Chance the Rapper,2fl0B0OaXjWbjHCQFx2O8W,2016-05-27,58,290316,0.693,0.675,0.426,1.03e-05,0.115,0.477,-12.476,0.302,144.796,8,4,1
The Weekend,Ctrl,SZA,6gU9OKjOE7ghfEd55oRO57,2017-06-09,74,272186,0.4,0.242,0.366,0.0,0.126,0.161,-9.405,0.0597,73.313,8,3,1
Never Be Like You (feat. Kai),Skin,Flume,5WI2ltQIdwgzf1SNE76JyR,2016-05-27,67,234909,0.444,0.453,0.557,0.0,0.152,0.296,-5.476,0.0602,115.058,0,4,1
Sunflower - Spider-Man: Into the Spider-Verse,Sunflower (Spider-Man: Into the Spider-Verse),Post Malone,1A6OTy97kk0mMdm78rHsm8,2018-10-18,0,158053,0.753,0.551,0.498,0.0,0.0706,0.927,-5.61,0.0504,89.95,2,4,1
Up There,Stoney (Deluxe),Post Malone,2rKmNEYrQxaOPZrOWKZpOc,2016-12-09,63,194826,0.654,0.373,0.378,1.07e-05,0.0971,0.437,-8.108,0.0322,72.976,5,4,1
Janet,Berhana,Berhana,3ml3WB66sqG4kXoPBX2POA,2016-07-21,55,204000,0.81,0.354,0.308,0.0,0.0899,0.56,-8.194,0.0818,120.012,0,4,1
Chanel,Chanel,Frank Ocean,6Nle9hKrkL1wQpwNfEkxjh,2017-03-10,79,210285,0.776,0.874,0.503,0.0,0.112,0.473,-5.732,0.237,110.134,0,4,1
Get You (feat. Kali Uchis),Freudian,Daniel Caesar,7zFXmv6vqI4qOt4yGf3jYZ,2017-08-25,80,278179,0.658,0.422,0.294,5.2e-05,0.0749,0.358,-8.533,0.0321,74.038,4,4,1
Electric (feat. Khalid),The Color Of You,Alina Baraz,2mj7x99sNUsVHPBRK51zlG,2018-04-06,67,246327,0.599,0.738,0.396,2.19e-05,0.102,0.134,-10.489,0.0392,111.072,10,4,1
Coaster,American Teen,Khalid,39KG4kom3enSx4GTThuDGt,2017-04-27,72,199120,0.441,0.935,0.219,0.0,0.115,0.244,-14.586,0.0419,94.021,8,4,1
Honey,Honey,Kehlani,5QTdOvIF2ehBMZpSIIGzIo,2017-10-06,68,199209,0.606,0.772,0.24,0.0,0.0819,0.526,-7.102,0.0369,96.792,3,4,1
"Psycho, Pt. 2","Psycho, Pt. 2",Russ,26OhjtaTamFocE08t83ml6,2016-11-08,73,161985,0.766,0.775,0.548,5.57e-06,0.1,0.424,-4.29,0.235,82.944,10,4,1
First Fuck,First Fuck,6LACK,1u4orOe6gYxeE9xKpv11Qi,2017-02-24,61,205489,0.35,0.916,0.315,2.82e-06,0.0959,0.427,-9.753,0.064,88.449,3,4,1
Nights,Blonde,Frank Ocean,7eqoqGkKwgOaWNNHx90uEZ,2016-08-20,79,307151,0.466,0.42,0.548,1.01e-06,0.113,0.423,-9.362,0.118,89.815,5,4,1
Jocelyn Flores,17,XXXTENTACION,7m9OqQk4RVRkw9JJdeAw96,2017-08-25,85,119133,0.872,0.469,0.391,4.13e-06,0.297,0.437,-9.144,0.242,134.021,0,4,1
Mona Lisa,Mona Lisa,Naji,5GUvXUx0GbyBKO2f8yQxFn,2016-12-04,0,184888,0.586,0.692,0.404,0.00372,0.0908,0.347,-10.402,0.21,90.563,1,5,1
Hold on to Me,Hold on to Me,Kyle Dion,1PCawYuyiURCUeFks8fkh7,2016-08-11,43,267859,0.326,0.835,0.395,0.000113,0.0903,0.393,-6.399,0.0342,94.664,11,4,1
Vibin' Out,French Kiwi Juice,FKJ,6SEolIp22t0DzeBfCBo3hr,2017-03-02,64,311837,0.41,0.847,0.169,0.00327,0.117,0.208,-11.422,0.0485,89.494,3,4,1
Blind Man,Blind Man,Xavier Omär,0DQQRJ4sR3pxwom9L7D7QR,2018-07-27,57,242195,0.89,0.453,0.523,1.58e-06,0.0831,0.345,-8.526,0.056,111.031,6,4,1
Right My Wrongs,T R A P S O U L,Bryson Tiller,5rgrBsAFYMun6yhtnLKRPz,2015-10-02,74,249320,0.543,0.345,0.449,0.0,0.157,0.29,-8.065,0.0463,132.609,1,4,1
We Find Love,Freudian,Daniel Caesar,1TPLsNVlofwX1txcE9gZZF,2017-08-25,65,254919,0.51,0.853,0.363,0.0,0.109,0.426,-8.635,0.0304,78.0,5,4,1
Self Control,Blonde,Frank Ocean,5GUYJTQap5F3RDQiCOJhrS,2016-08-20,75,249667,0.572,0.765,0.209,0.0,0.356,0.446,-10.413,0.0313,80.069,8,4,1
Poison,Poison,Brent Faiyaz,5NijSs5dAwaIybq1GaRTIe,2016-08-03,71,212992,0.689,0.711,0.394,0.000905,0.0859,0.382,-10.102,0.065,117.489,2,3,1
Losin Control,There's Really A Wolf,Russ,4cxMGhkinTocPSVVKWIw0d,2017-05-05,75,237506,0.759,0.515,0.245,0.000154,0.102,0.209,-6.545,0.138,96.992,6,4,1
Hold Me Down,Freudian,Daniel Caesar,1Mza2sr6tPhy6jjI3HB9fW,2017-08-25,64,231267,0.463,0.628,0.427,0.000565,0.0911,0.231,-9.799,0.0549,116.059,8,4,1
Provider,Provider,Frank Ocean,6R6ihJhRbgu7JxJKIbW57w,2017-08-27,64,243238,0.654,0.74,0.325,2.14e-05,0.152,0.39,-11.925,0.282,139.886,2,4,1
Pink Matter,channel ORANGE,Frank Ocean,1fOkmYW3ZFkkjIdOZSf596,2012-07-10,69,268813,0.392,0.951,0.233,0.000322,0.106,0.494,-11.012,0.0587,176.569,11,3,1
Too Fast,Too Fast,Sonder,42QRyJd5x6e2TFR1S41g2p,2016-10-25,61,308005,0.395,0.316,0.33,1.89e-05,0.268,0.102,-10.924,0.0408,98.813,4,3,1
Drive Safe - A COLORS SHOW,Drive Safe - A COLORS SHOW,Rich Brian,2cM5JyfLJqA4B0SS2QrGxI,2019-12-13,0,204000,0.685,0.615,0.159,0.0,0.0978,0.519,-14.497,0.0306,98.007,7,4,1
Ivy,Blonde,Frank Ocean,2ZWlPOoWh0626oTaHrnl2a,2016-08-20,79,249191,0.567,0.782,0.388,0.000309,0.248,0.452,-9.579,0.0384,116.362,9,4,1
Streetcar,Pilgrim's Paradise,Daniel Caesar,7Cu2COdH93MnuireuKNiS3,2015-11-12,69,246972,0.41,0.721,0.298,0.0,0.158,0.142,-11.796,0.0473,109.651,3,3,1
Ain't Nobody Takin My Baby,Ain't Nobody Takin My Baby,Russ,6VnqGxiMNexOe0kRmIsBw4,2016-12-23,66,189231,0.696,0.673,0.57,3.02e-06,0.098,0.329,-9.084,0.557,76.976,0,4,1
Insecure,A.M. Paradox,Brent Faiyaz,4t5Zj9I7WDYFaYlSif13lV,2016-09-20,59,245619,0.436,0.509,0.306,0.0,0.591,0.355,-11.337,0.0886,95.337,11,5,1
Marvins Room,Take Care (Deluxe),Drake,047fCsbO4NdmwCBn8pcUXl,2011-11-15,74,347226,0.492,0.646,0.26,0.00178,0.0705,0.312,-17.341,0.0921,111.519,9,5,1
Tadow,Lady Lady,Masego,51rPRW8NjxZoWPPjnRGzHw,2018-09-07,75,301893,0.704,0.669,0.487,8.64e-05,0.111,0.313,-6.407,0.0604,121.726,9,4,1
Girls Need Love,Last Day Of Summer,Summer Walker,644rGY6maSElnKVsAg1gJj,2018-10-19,73,140760,0.645,0.558,0.418,0.0003,0.562,0.123,-10.065,0.29,96.963,6,4,1
Lovely,A.M. Paradox,Brent Faiyaz,2jGjNCH6Op0BqBHPc4Rd8d,2016-09-20,61,291098,0.385,0.575,0.473,2.88e-05,0.13,0.0575,-8.656,0.0519,143.614,8,3,1
Afraid,Afraid,Xavier Omär,2zIkPM6r0yEjWt18qG3jP3,2017-03-29,50,220043,0.726,0.355,0.296,0.0,0.112,0.148,-7.859,0.0393,123.942,4,4,1
Easily,A Song For Every Moon,Bruno Major,2k9N4caeCIJLOWwWwssrEM,2017-08-31,75,210240,0.772,0.491,0.256,0.00612,0.144,0.357,-8.545,0.0481,118.902,7,3,1
Running Away,Running Away,Genevieve Stokes,10wQ1DKIMOfJy6vFUc3ClF,2020-04-10,0,186706,0.432,0.947,0.256,7.15e-06,0.161,0.168,-9.95,0.0416,115.721,0,4,1
Zeus,Zeus,Croosh,0NbxvadJQOnlwk3cFbhDNV,2016-12-17,46,150622,0.889,0.413,0.324,0.0,0.09,0.577,-7.55,0.0468,110.041,5,4,1
Too Deep,SEPT 5TH,dvsn,3uSSjnDMmoyERaAK9KvpJR,2016-03-27,60,200223,0.616,0.284,0.243,0.149,0.264,0.56,-13.975,0.103,183.948,9,4,1
Good Love,Good Love,11:11,37YyskMNuGKjKwjifDaHzB,2017-06-13,39,266281,0.646,0.689,0.325,3.55e-06,0.084,0.321,-7.941,0.0311,127.894,11,4,1
Best Part (feat. H.E.R.),H.E.R.,H.E.R.,4OBZT9EnhYIV17t4pGw7ig,2017-10-20,73,209400,0.473,0.793,0.371,0.0,0.109,0.413,-10.219,0.0405,75.205,4,4,1
Make Luv,Make Luv,Brent Faiyaz,2CInzVilMduj9L8dDXwyUA,2018-02-09,62,193309,0.661,0.441,0.413,4.19e-05,0.114,0.276,-9.069,0.218,143.974,8,4,1
Stoop So Low,Stoop So Low,Alextbh,3DNsBFRbQWxygrn4UsqvTF,2016-11-07,49,197938,0.426,0.67,0.397,0.0,0.109,0.335,-9.089,0.0546,87.424,4,1,1
Late Night Drive,Late Night Drive,Yo Trane,0K83VVfg5Y4bPoZ4kmytKH,2016-04-19,53,252371,0.491,0.382,0.375,0.0,0.103,0.19,-10.031,0.2,97.116,6,4,1
Who Hurt You?,Who Hurt You?,Daniel Caesar,23c9gmiiv7RCu7twft0Mym,2018-10-16,69,231964,0.649,0.586,0.493,0.000167,0.0667,0.277,-7.645,0.11,104.542,11,4,1
Carry Me Home,Project 11,Jorja Smith,6fracv4du3sDwo1XKcPrkw,2016-11-17,58,282329,0.471,0.633,0.352,2.75e-05,0.115,0.102,-9.699,0.0391,118.333,2,3,1
Feel,Into,Sonder,1uverlfbbG8InEPioAwB8y,2017-01-27,54,232502,0.455,0.525,0.255,0.00176,0.382,0.195,-14.512,0.0377,131.959,6,4,1
Stay Down,Sonder Son,Brent Faiyaz,4mwiRPRAUSSFD6lJ86m98B,2017-10-13,61,207325,0.551,0.617,0.301,1.1e-05,0.136,0.488,-13.065,0.111,84.695,11,4,1
Been Away,Fuck The World,Brent Faiyaz,5PvVkf1Yuq3XyMqqjPiKPd,2020-02-07,71,223629,0.602,0.477,0.5,5.69e-05,0.295,0.395,-9.377,0.298,132.798,8,4,1
Rehab (Winter In Paris),Fuck The World,Brent Faiyaz,0zWbYGQq5O1KQd0iqzgjP6,2020-02-07,71,180303,0.549,0.809,0.242,8.1e-05,0.127,0.286,-11.692,0.038,144.211,5,4,1
Dead Man Walking,Dead Man Walking,Brent Faiyaz,5VlTQnZO89Ioku8ssdbqJk,2020-09-18,77,247079,0.505,0.279,0.267,0.0,0.096,0.439,-13.763,0.05,143.929,9,4,1
Biking,Biking,Frank Ocean,2q0VexHJirnUPnEOhr2DxK,2017-04-10,69,277520,0.673,0.681,0.463,4.9e-06,0.0907,0.268,-7.247,0.191,147.981,2,4,1
Gimme Love,Nectar,Joji,0HItcI6qN6Dr4MC3CZryQh,2020-09-25,73,214557,0.484,0.695,0.632,0.0243,0.209,0.0736,-6.917,0.0976,126.384,5,3,1
CPR,Last Day Of Summer,Summer Walker,5Tp4UJvnsF4Zd05k0zXUte,2018-10-19,63,203240,0.693,0.637,0.369,0.00335,0.0951,0.141,-12.683,0.175,140.148,7,4,1
Care,Into,Sonder,3tkxfORwPo2zydAf25YFOc,2017-01-27,56,164488,0.36,0.889,0.182,7.53e-06,0.117,0.098,-16.803,0.0388,126.721,10,3,1
Fuck The World (Summer in London),Fuck The World,Brent Faiyaz,2CzUlaKN1mvb0szagSR3ux,2020-02-07,72,236703,0.679,0.873,0.281,0.00335,0.215,0.234,-15.506,0.184,74.996,3,4,1
Mood,Morning After,dvsn,4L1eqdFY10yO7tMzvRp0sx,2017-10-13,51,215044,0.622,0.318,0.446,0.0135,0.0904,0.168,-9.647,0.22,68.85,9,4,1
Easy,Drive Slow,Mac Ayres,58dSdjfEYNSxte1aNVxuNf,2017-08-11,68,314357,0.722,0.373,0.282,0.00557,0.147,0.217,-7.484,0.106,91.367,5,4,1
White Ferrari,Blonde,Frank Ocean,2LMkwUfqC6S6s6qDVlEuzV,2016-08-20,77,248807,0.444,0.784,0.0924,0.0,0.304,0.219,-15.605,0.0366,108.917,0,4,1
Floating (feat. Khalid),The Color Of You,Alina Baraz,2vLWF4yFhTHQZVwrPTjH1s,2018-04-06,67,174489,0.66,0.81,0.447,2.15e-06,0.11,0.578,-9.026,0.0482,84.95,1,4,1
Heebiejeebies - Bonus,Good For You,Aminé,32xx0fAv3CIeGmNaWTHvEF,2017-07-28,64,220160,0.765,0.423,0.5,0.0,0.108,0.495,-7.626,0.152,107.043,1,4,1
Good News,Circles,Mac Miller,1DWZUa5Mzf2BwzpHtgbHPY,2020-01-17,75,342040,0.794,0.853,0.32,0.134,0.112,0.241,-12.92,0.173,174.088,1,4,1
Juno,Honeybloom,Choker,6OpU3cvY19M2hFxTbLKy5L,2018-08-03,59,231680,0.438,0.922,0.266,0.000298,0.148,0.116,-12.863,0.0363,120.075,7,4,1
Pretty Little Fears (feat. J. Cole),East Atlanta Love Letter,6LACK,4at3d5QWnlibMVN75ECDrp,2018-09-14,74,240341,0.61,0.696,0.458,0.000103,0.0852,0.246,-11.336,0.36,192.099,9,4,1
Honesty,PINK PLANET,Pink Sweat$,19gCnDoMbugHhF7eMpLpe1,2021-02-12,70,189000,0.66,0.964,0.139,1.1e-05,0.105,0.312,-16.339,0.0323,79.975,6,4,1
Morning,Groovy People,Marc E. Bassy,54Yappwod1fELR5zb2gDBn,2016-08-05,65,206080,0.462,0.563,0.438,0.0,0.181,0.342,-8.227,0.0953,107.364,10,3,1
Dirty Water,Groovy People,Marc E. Bassy,52rbzvOCmHgprzUaMqZEPK,2016-08-05,56,161106,0.666,0.404,0.408,0.00251,0.0316,0.474,-7.464,0.0393,92.01,1,4,1
ROS,GO:OD AM,Mac Miller,388jD8ko9cvFM9cd9TYDrl,2015-09-18,66,343213,0.535,0.601,0.448,0.0,0.376,0.284,-8.919,0.175,120.554,1,4,1
Edition,Edition,Rex Orange County,1wz7B02oOtrTW6SNLG0cSk,2017-09-12,62,115000,0.86,0.807,0.332,0.0,0.106,0.26,-10.263,0.22,140.949,1,4,1
North Face,Analogue,ODIE,63bAGRSSX2V1hhPSP2NpBC,2018-04-06,70,196799,0.802,0.792,0.382,0.163,0.0783,0.581,-7.356,0.0312,99.969,10,4,1
Gettin' Old,FREE 6LACK,6LACK,1S4sxNGmCASkyRI08YhLtT,2016-11-18,53,215000,0.743,0.4,0.4,0.000311,0.111,0.229,-12.369,0.0625,80.01,11,4,1
Seasons (feat. Khalid),East Atlanta Love Letter,6LACK,1AROE0XcC4ySCxXF65mutZ,2018-09-14,63,250001,0.6,0.692,0.319,0.00958,0.137,0.507,-10.272,0.294,141.96,0,4,1
Lens,Lens,Frank Ocean,371H6HjS4SXGbQ9IVfFUIL,2017-04-23,58,227654,0.681,0.588,0.333,0.0,0.086,0.564,-8.582,0.0974,118.05,9,4,1
West,Indigo,River Tiber,2R5GzHdM4xdA8HNLIF8lOY,2016-06-24,55,152250,0.265,0.899,0.473,0.078,0.226,0.143,-8.379,0.0447,120.909,8,3,1
Godspeed,Blonde,Frank Ocean,34xTFwjPQ1dC6uJmleno7x,2016-08-20,74,177922,0.421,0.931,0.0952,0.000201,0.126,0.0773,-12.561,0.0479,109.698,6,4,1
Postclubridehomemusic,Peder,Lido,1D1OGqiNpybJDsbFYSH5kc,2020-09-18,4,227040,0.671,0.349,0.361,1.08e-06,0.108,0.447,-11.764,0.236,76.95,11,4,1
Between the Lines (feat. Chris Lee),Free Pxrn: The Memoir of an American Heathen,Jase Harley,1zpLBaEx3KX98Cknyi9Ai1,2016-03-18,45,225228,0.838,0.429,0.374,0.0013,0.131,0.28,-11.991,0.112,120.013,0,4,1
Violet,Violet,Daniel Caesar,22jnEneSABg4vRCR1vow7F,2015-07-01,60,144000,0.688,0.748,0.425,0.00548,0.101,0.179,-8.134,0.027,129.975,4,4,1
Come Back to Earth,Swimming,Mac Miller,01z2fBGB8Hl3Jd3zXe4IXR,2018-08-03,73,161840,0.272,0.89,0.238,0.00925,0.275,0.119,-12.148,0.0349,83.507,2,4,1
My Favorite Part,The Divine Feminine,Mac Miller,66wkCYWlXzSTQAfnsPBptt,2016-09-16,73,216000,0.861,0.627,0.33,1.93e-06,0.14,0.718,-7.194,0.0526,95.016,6,4,1
Slow It Down,Slow It Down,Zaia,3xLXMPhcO310sEYPfXh4Ic,2017-04-21,32,206000,0.555,0.795,0.557,3.87e-05,0.121,0.346,-8.763,0.251,155.056,0,4,1
Ruby Red,S!ck S!ck S!ck,Smino,0E6GxVs1NLV9FxK9rK4K1G,2016-12-01,42,264125,0.568,0.507,0.515,0.0,0.0997,0.26,-9.212,0.474,126.819,5,4,1
Pisces,Found.,RIZ LA VIE,3HZsYrpRboqKdL3tOltQTi,2017-01-17,48,255929,0.708,0.763,0.38,0.0,0.123,0.217,-9.088,0.0948,113.1,3,4,1
Death & Taxes,Pilgrim's Paradise,Daniel Caesar,7HnkUNPrhRurdGEm9nRYFH,2015-11-12,59,305081,0.448,0.803,0.328,9.34e-05,0.347,0.209,-11.132,0.0351,113.941,7,3,1
CYANIDE,CASE STUDY 01,Daniel Caesar,3uouaAVXpQR3X8RYkJyitQ,2019-06-28,71,194959,0.589,0.704,0.652,0.00055,0.125,0.486,-7.498,0.373,158.49,10,4,1
Wild Irish Roses,blkswn,Smino,6efkcs2aUBMFKxl0cl2JWQ,2017-03-14,67,169319,0.639,0.554,0.295,3.09e-05,0.3,0.634,-11.237,0.544,86.947,0,4,1
Caretaker (feat. SZA),Gahdamn!,Shelley FKA DRAM,4XQQovRSltOGWevTCgacXY,2015-10-23,58,171373,0.614,0.78,0.275,0.0,0.119,0.165,-12.804,0.186,130.664,2,4,1
Amphetamine,blkswn,Smino,3Zau3JcrZcBfw8aVjKGkSX,2017-03-14,63,469830,0.619,0.715,0.532,1.33e-05,0.0953,0.401,-9.554,0.515,120.019,5,4,1
Here (feat. Xavier Omär),Free Your Soul: Side A (Deluxe Version),Asaiah Ziv,5oy4VFaAESEx7z45Oy0eXE,2016-06-09,37,196650,0.495,0.556,0.577,0.0,0.172,0.439,-6.097,0.879,192.021,9,4,1
Take Me Away (feat. Syd),Freudian,Daniel Caesar,3E895HtTn6lB40SA0l9EkL,2017-08-25,60,226116,0.395,0.708,0.409,1.62e-05,0.0982,0.193,-8.58,0.056,74.088,6,4,1
All the Time,All the Time,Souly Had,6fnogme1RNJKay9aCJNJaa,2017-02-22,51,177855,0.589,0.322,0.313,0.0,0.105,0.0905,-10.001,0.137,164.573,0,3,1
Lock It Up (feat. Kehlani),"Only The Poets Mixtape, Vol. 1",Marc E. Bassy,6uT9XRrPvimLt62FNjMNBv,2014-07-29,46,226220,0.738,0.653,0.443,0.0,0.103,0.687,-9.614,0.0707,127.084,5,4,1
Lush,Peak,Choker,4vZcsZnmpZ0GAISQon0TvU,2017-05-06,31,324000,0.445,0.954,0.322,0.0,0.0975,0.275,-11.016,0.0624,69.442,8,4,1
Netflix & Dusse,blkswn,Smino,4hP7NIeToP2hU6lyvIHPyp,2017-03-14,53,259338,0.729,0.441,0.329,0.0,0.32,0.159,-9.703,0.529,79.958,7,4,1
Stay,The Divine Feminine,Mac Miller,4brX8MJs5hxErgq48f9REO,2016-09-16,66,326426,0.742,0.566,0.561,0.000135,0.641,0.55,-7.017,0.139,134.01,6,4,1
Moonlight in Atlanta,Moonlight in Atlanta,Russ,4vzV11MKDc82D9r1YV61MQ,2016-01-15,59,163500,0.514,0.891,0.32,0.0,0.0977,0.236,-9.669,0.144,76.916,9,4,1
Herside Story,At What Cost,GoldLink,564oa00vY05d1uYnTEAAmE,2017-03-24,63,183760,0.885,0.656,0.595,4.42e-06,0.105,0.754,-5.487,0.286,148.034,7,4,1
To the Moon,Yours Truly Forever,Phora,6Umac95Mt46VcwAM9s9mOa,2017-08-18,63,252320,0.54,0.624,0.572,0.0,0.14,0.43,-8.665,0.115,82.562,9,3,1
The Need to Know (feat. SZA),The Album About Nothing,Wale,6KacmqPPQ3LNoiGFuqGChs,2015-03-31,65,216831,0.537,0.487,0.411,9.21e-06,0.3,0.207,-14.059,0.502,94.292,7,4,1
Good Days,Good Days,SZA,3YJJjQPAbDT7mGpX3WtQ9A,2020-12-25,83,279204,0.436,0.499,0.655,8.1e-06,0.688,0.412,-8.37,0.0583,121.002,1,4,1
Sheba With Angel Mae,Preacher's Son,YGTUT,4FwWyejS6KrYsKFxRtweHz,2015-05-02,38,137196,0.712,0.597,0.351,1.85e-06,0.132,0.358,-14.047,0.389,129.928,11,4,1
Navy Blue,Navy Blue,HASANI,4CAFjRhubtiR8M3z4qbc2W,2016-11-08,50,163801,0.56,0.649,0.295,3.41e-05,0.112,0.246,-14.843,0.242,130.399,11,4,1
She Knows About Me,Waking at Dawn,Roy Woods,2bxG0N7YsdkIBfuLsE0J8i,2016-07-01,50,220408,0.445,0.751,0.541,0.0,0.199,0.377,-7.407,0.0816,81.656,9,4,1
Could've Been (feat. Bryson Tiller),I Used To Know Her,H.E.R.,6oEVnWKgPqIEPc53OYDNqG,2019-08-30,75,252746,0.45,0.649,0.352,3.8e-06,0.249,0.408,-11.733,0.267,102.679,1,4,1
"Yo Love - From ""Queen & Slim: The Soundtrack""","Yo Love (From ""Queen & Slim: The Soundtrack"")",Vince Staples,3Vj8RQkFwOmDvUrwu6MtQZ,2019-11-11,66,143830,0.703,0.565,0.573,3.13e-06,0.0987,0.491,-9.032,0.0724,147.038,0,4,1
Could've Been (feat. Bryson Tiller),I Used To Know Her,H.E.R.,6oEVnWKgPqIEPc53OYDNqG,2019-08-30,75,252746,0.45,0.649,0.352,3.8e-06,0.249,0.408,-11.733,0.267,102.679,1,4,1
Smoke,Daughter of the Sun,vbnd,3KdqW7vrStW0VIp1Pfk0cq,2018-07-06,47,222115,0.861,0.457,0.125,0.421,0.101,0.4,-16.482,0.0708,78.036,0,4,1
White (feat. Frank Ocean),The OF Tape Vol. 2,Odd Future,2gEmgpnxseKEVRTwkSGopN,2012-03-16,63,122933,0.51,0.744,0.0671,0.0,0.166,0.197,-12.163,0.0689,106.017,3,3,1
Priorities,B4 the Heartbreak,Sy Ari Da Kid,7KKSmSsR1Giz5nFrlelbd9,2016-02-04,45,341974,0.488,0.795,0.169,0.0,0.0968,0.208,-15.681,0.0771,93.76,4,4,1
Every Kind Of Way,H.E.R. Volume 2,H.E.R.,71AaGUlQ7I5dRgDEQpdnI4,2017-06-16,59,160160,0.45,0.634,0.3,3.1e-06,0.142,0.207,-9.53,0.0477,96.394,7,4,1
Invite Me,Invite Me,Brent Faiyaz,1nzbFLItWk2ZXrx8jvTmdZ,2016-06-01,54,194552,0.498,0.579,0.449,0.0,0.191,0.256,-7.492,0.038,127.827,9,4,1
Lemonade,Lemonade,Iris Temple,5k1GDTtLb52VPdf2xGwxz7,2016-12-01,40,240000,0.559,0.682,0.298,0.000457,0.128,0.434,-12.918,0.173,118.576,2,4,1
Patiently,Whatever Makes U Happy,JMSN,3o9yzDhGVqfjUZHvcvA6oF,2017-04-28,38,224080,0.721,0.479,0.296,1.39e-05,0.108,0.18,-9.869,0.0398,110.063,2,3,1
All Bad,The Never Story,JID,0G6ExlA2fcJIDGoayswUNT,2017-03-10,55,291760,0.538,0.854,0.238,0.0482,0.11,0.507,-14.541,0.316,78.881,11,1,1
I KNO V3,I KNO V3,Victor Internet,4S8vtRJ78uTUGvTZF3dEmR,2019-12-13,40,148645,0.851,0.495,0.533,1.12e-05,0.108,0.602,-6.462,0.262,77.499,9,4,1
Killing Me,Killing Me,Omar Apollo,1vghSeMBb7AIMT3JaMrlHO,2022-03-11,40,165320,0.861,0.301,0.27,0.00288,0.124,0.608,-9.515,0.0616,84.004,6,4,1
What You Heard,What You Heard,Sonder,3a3dQOO19moXPeTt2PomoT,2019-02-22,72,238242,0.429,0.546,0.371,5.71e-06,0.104,0.135,-9.017,0.0327,137.134,2,4,1
Yours,Yours,SG Lewis,7uNWZOCm6TphuTnwpDUUjN,2016-05-23,46,230540,0.68,0.549,0.241,2.54e-05,0.222,0.211,-11.448,0.247,127.908,6,4,1
Don't Beg,Foreign Water,JAHKOY,0H0vPgfSGvt3g4X4Fnmr2N,2016-10-28,35,176346,0.441,0.406,0.365,0.000218,0.101,0.077,-10.002,0.0514,79.782,6,4,1
Lovely,Into,Sonder,1c2wTe7doRRk2n1XZe0KAM,2017-01-27,54,291448,0.506,0.581,0.503,0.000534,0.628,0.133,-9.003,0.0468,144.015,8,3,1
The Ocean With My Friends,The Ocean With My Friends,Dre'es,6GhUYUEddpxoxWF2pU2QY9,2018-09-19,42,172059,0.377,0.894,0.277,0.119,0.145,0.0701,-16.897,0.0467,164.262,2,4,1
Candy Wrappers,So Polite,Summer Salt,2WrzwxqDxBWcWYkk9DAJ9j,2017-07-18,58,194418,0.691,0.696,0.546,0.415,0.302,0.483,-7.33,0.0263,95.047,5,4,1
Dead End,Dead End,Jan Metternich,0BmHLzYMid4yN5BSVUiilM,2021-01-29,51,193600,0.71,0.701,0.356,0.0,0.0988,0.542,-12.336,0.079,150.062,3,4,1
Replaced,When Stars Align,Sik World,6JbdMKrsmcYAzz5RJlbfkg,2019-09-06,46,136666,0.541,0.856,0.47,0.0,0.116,0.375,-9.945,0.0714,106.079,8,3,1
Disarray,Disarray,III-SCAR,4P37g3UQiacIfWSuAS5TVi,2021-06-03,31,204191,0.54,0.759,0.381,0.00022,0.114,0.0788,-10.54,0.0796,79.74,7,4,1
Insecurities,Insecurities,Jan Metternich,512OLJZhzWfY1q5YBilERp,2020-07-17,40,137806,0.587,0.313,0.421,0.143,0.124,0.418,-17.249,0.0409,155.02,2,4,1
Wrong,Wrong,Jan Metternich,67ItCIEIfqBXzy6iWwGuhG,2020-08-21,43,127142,0.651,0.365,0.224,0.0482,0.0756,0.119,-17.877,0.128,167.953,0,4,1
Kitchen Sink,Kitchen Sink,Genesis Ritchot,0baEuNfCAnahq2e5PhJPrn,2021-04-23,49,218368,0.362,0.886,0.456,0.000662,0.0794,0.175,-11.277,0.0422,108.128,7,4,1
Eyes Blue Like The Atlantic (feat. Subvrbs),Eyes Blue Like The Atlantic (feat. Subvrbs),Sista Prod,0qUcpOOna3kkrwfqky85e1,2020-07-20,72,154599,0.768,0.608,0.339,0.000956,0.261,0.568,-13.169,0.777,76.229,0,4,1
Fiend (feat. wavvyboi),Codex II,Aaryan Shah,0xYlNTEF9peTxgqqrENldW,2021-11-12,41,178750,0.677,0.796,0.446,0.0,0.108,0.356,-7.397,0.0291,109.974,6,4,1
On My Mind,On My Mind,Jan Metternich,1XjmuBCoZIXDuzu90RZ3zh,2020-03-20,36,130037,0.83,0.483,0.26,0.00293,0.131,0.639,-17.686,0.0483,119.973,6,4,1
Pain,Fearless,Josh A,39LJCSHy7nB1akjmhMQ7Y7,2019-01-12,75,188041,0.789,0.525,0.509,7.55e-06,0.0936,0.61,-8.629,0.277,75.009,6,4,1
Love Is a Drug,Thbk.,Papithbk,0vQM29chWYNTrqPoirulxI,2018-10-24,51,97906,0.841,0.791,0.406,0.0,0.0872,0.384,-12.389,0.358,110.061,7,4,1
Whatever They Say,Whatever They Say,Jan Metternich,4DhnpLvIikS85G4C5lxMd5,2019-11-27,37,198857,0.622,0.691,0.201,0.0,0.167,0.165,-14.859,0.0432,139.945,4,4,1
Be Alright,A Place We Knew,Dean Lewis,5qrSlOut2rNAWv3ubArkNy,2019-03-22,75,196493,0.551,0.705,0.537,0.0,0.0802,0.493,-7.595,0.034,126.421,11,4,1
Everybody Dies In Their Nightmares,17,XXXTENTACION,3GVkPk8mqxz0itaAriG1L7,2017-08-25,84,95466,0.734,0.847,0.57,2.14e-05,0.112,0.689,-7.066,0.133,129.953,7,4,1
Outta My Head,Outta My Head,Jan Metternich,2UJvads57r87dFsqwRjqlm,2020-10-30,40,128000,0.61,0.619,0.307,0.000919,0.116,0.49,-16.618,0.0451,150.004,10,4,1
Get You The Moon (feat. Snøw),Get You The Moon (feat. Snøw),Kina,4ZLzoOkj0MPWrTLvooIuaa,2018-10-08,80,179080,0.498,0.72,0.235,0.0,0.144,0.0895,-16.541,0.188,118.917,1,4,1
Ruthless (Nice Guys Always Finish Last),Oso Different,MarMar Oso,6HeCk6yewXH7WO4D93eub9,2019-08-14,72,233023,0.724,0.388,0.269,0.0,0.0808,0.866,-15.465,0.0456,86.042,5,4,1
Walk Away,Natsukashii,SadBoyProlific,1FZNiU5U4xXuGQMpO6OdGz,2018-12-24,10,120215,0.717,0.766,0.373,0.0,0.0989,0.279,-14.132,0.401,99.921,1,4,1
the remedy for a broken heart (why am I so in love),?,XXXTENTACION,4UKCKdYiLN6IMA5ZESUTL7,2018-03-16,80,160184,0.699,0.779,0.304,0.000993,0.137,0.271,-11.192,0.0993,119.705,1,4,1
Tell Me Why I'm Waiting,Tell Me Why I'm Waiting,creamy,54DStFYEe4uNpyauoxvGmI,2020-08-31,6,139337,0.762,0.507,0.212,0.125,0.104,0.202,-12.901,0.0761,124.933,11,4,1
Hold on to Me,Hold on to Me,creamy,0HL7lTKXJIYlUhPdICVPz7,2020-08-31,43,96940,0.784,0.505,0.346,4.57e-05,0.131,0.459,-6.492,0.0604,56.893,7,4,1
I Know You so Well,I Know You so Well,creamy,5LXJUjQ4ycT88GCltIjdws,2020-08-31,49,110889,0.749,0.338,0.266,0.00587,0.194,0.488,-10.966,0.0468,65.021,0,4,1
So Long,So Long,creamy,6Jrbs4Du8JYyzWN32L6ltd,2020-08-31,34,118883,0.612,0.379,0.183,0.00237,0.203,0.259,-13.986,0.242,145.08,9,3,1
death bed (coffee for your head),death bed (coffee for your head),Powfu,7eJMfftS33KTjuF7lTsMCx,2020-02-08,83,173333,0.726,0.731,0.431,0.0,0.696,0.348,-8.765,0.135,144.026,8,4,1
I Don't Want,Safe.,Sarah Meow,449qkAvm7GJQaPUoatLRvo,2019-06-10,0,105000,0.591,0.938,0.183,0.0261,0.112,0.784,-12.821,0.169,170.1,0,5,1
I'll Keep You Safe,Safe.,Sarah Meow,2HUuFBmz9mYhJJZGk90Dec,2019-06-10,0,116869,0.734,0.927,0.231,0.00461,0.154,0.357,-16.124,0.11,115.105,7,4,1
Imagination,Safe.,Sarah Meow,3sVlvHkFjyIrU8qeejurdP,2019-06-10,0,110181,0.5,0.959,0.143,0.169,0.184,0.233,-11.517,0.122,82.195,7,3,1
Alexis,Trap Jack 2,Joey Trap,54yT3t8hSaJUvdHer3ZaB1,2017-10-08,64,83000,0.839,0.741,0.539,0.0,0.0966,0.645,-9.238,0.0926,124.921,0,4,1
Let Go - Acoustic,Same Kind Of Different (Acoustic),Dean Lewis,2CzlEB0iyo9sTny0tWFYCT,2017-11-17,0,165729,0.547,0.912,0.232,0.0,0.074,0.467,-11.838,0.0462,77.42,10,3,1
Someone You Loved,Breach,Lewis Capaldi,2TIlqbIneP0ZY1O0EzYLlc,2018-11-08,74,182160,0.501,0.751,0.405,0.0,0.105,0.446,-5.679,0.0319,109.891,1,4,1
Idgaf,Still Lost,Sik World,3Y6L3oiUydJIGsmk5zHlDO,2017-12-11,57,231857,0.789,0.38,0.652,1.57e-06,0.091,0.0775,-9.734,0.219,139.981,4,4,1
Reflection,Still Lost,Sik World,3AaHVL2PTTN8AAbA48WMo8,2017-12-11,54,222979,0.802,0.539,0.566,4.09e-06,0.134,0.153,-9.816,0.145,140.099,11,4,1
Toxic,When Stars Align,Sik World,5NBEl27iFyBfDiXMdxlnNb,2019-09-06,36,146865,0.792,0.606,0.523,0.0,0.168,0.528,-7.596,0.0587,133.979,5,4,1
Moment of Silence,Torn Between Pages,Lucidious,0XBf3lA3mUwWmDk5bUOiZh,2016-09-13,55,349384,0.634,0.392,0.597,7.43e-05,0.0986,0.0363,-10.179,0.198,129.607,4,4,1
Patient,Patient,Sarah Meow,6mfwLVY5tLV6bC6nXJWIl4,2019-05-06,0,123749,0.548,0.709,0.31,0.751,0.185,0.135,-10.903,0.0378,80.886,1,4,1
Alone,Alone,SadBoyProlific,6tAqYm2Wcy2yrPixShJMS6,2018-11-10,5,160104,0.87,0.481,0.341,0.0027,0.329,0.436,-14.15,0.439,119.054,9,4,1
Mistakes & Heartbreaks,Mistakes & Heartbreaks,Jan Metternich,0tUvPAQopgxsLbLddLQjIH,2020-04-24,43,192026,0.699,0.75,0.256,0.00136,0.105,0.588,-18.752,0.0327,135.023,2,4,1
Wonder If You Wonder,Dreaming With Our Eyes Open,Witt Lowry,2fnwiUU3LEvEy7xByzzaDV,2015-09-25,52,235264,0.552,0.553,0.689,0.0,0.105,0.665,-9.218,0.306,95.03,8,4,1
I'm Not Enough and I'm Sorry,I'm Not Enough and I'm Sorry,Teqkoi,4P1L6AniTDJzANaubzWGYs,2018-10-27,65,120000,0.698,0.462,0.183,0.000424,0.335,0.244,-20.188,0.299,143.96,8,4,1
Tear Me Apart,Still Lost,Sik World,1d648Lemp74K5lEf7pbwJE,2017-12-11,48,208303,0.662,0.391,0.446,0.000121,0.0978,0.207,-10.813,0.276,140.194,7,4,1
Jocelyn Flores,17,XXXTENTACION,7m9OqQk4RVRkw9JJdeAw96,2017-08-25,85,119133,0.872,0.469,0.391,4.13e-06,0.297,0.437,-9.144,0.242,134.021,0,4,1
Before You Go,Before You Go,Lewis Capaldi,7ce20yLkzuXXLUhzIDoZih,2019-11-19,75,215106,0.459,0.604,0.575,0.0,0.0885,0.183,-4.858,0.0573,111.881,3,4,1
Wrong Direction,Wrong Direction,Hailee Steinfeld,7GCVboEDzfL3NKp1NrAgHR,2020-01-01,0,248986,0.378,0.472,0.388,0.0,0.157,0.188,-9.017,0.036,72.293,10,4,1
You Are The Reason,You Are The Reason,Calum Scott,2d3NAGCKudIYpTlRI6BI0s,2017-11-17,0,204326,0.363,0.908,0.233,0.0,0.134,0.246,-7.697,0.0299,171.767,10,3,1
Bruises,Divinely Uninspired To A Hellish Extent,Lewis Capaldi,4Of7rzpRpV1mWRbhp5rAqG,2019-05-17,80,220492,0.736,0.946,0.308,0.0,0.186,0.361,-7.83,0.0677,111.202,4,4,1
Years,Down Low,Astrid S,5WEAZtjEufELtaxqYcqCJg,2019-09-26,55,190267,0.664,0.855,0.285,0.0,0.0952,0.256,-7.907,0.0342,124.148,9,4,1
Memories,Memories,Jacob Tillberg,5l2GIiGkjbcuSIhCV08Zhj,2019-08-10,48,185425,0.57,0.703,0.671,0.000423,0.106,0.233,-8.421,0.0452,144.108,7,3,1
Waves - Guitar Acoustic,Waves (Guitar Acoustic),Dean Lewis,0SUih4u16BlTsIDyB7J0SU,2017-06-23,48,248427,0.412,0.935,0.285,0.0,0.11,0.377,-9.918,0.0444,151.739,11,4,1
Out Of Love,The Pains Of Growing,Alessia Cara,4WzhjxvLP95y7AMDy0Atwb,2018-11-30,74,227693,0.481,0.8,0.267,0.0,0.249,0.137,-9.249,0.0339,117.64,7,3,1
One,Divinely Uninspired To A Hellish Extent,Lewis Capaldi,5C1TucCRf4Vjjree1OItyv,2019-05-17,66,179907,0.708,0.834,0.339,0.0,0.128,0.512,-7.085,0.0409,117.995,9,4,1
when the party's over,when the party's over,Billie Eilish,14JzyD6FlBD5z0wV5P07YI,2018-10-17,0,199931,0.498,0.979,0.104,7.86e-05,0.0895,0.205,-14.08,0.0621,124.001,1,3,1
Mystery,Mystery,Jeris,0nZ5Vx48UcSXpY2wLSTP4Z,2016-09-03,40,275133,0.371,0.263,0.437,8.78e-05,0.0776,0.108,-9.638,0.0428,125.937,0,4,1
How Could You Leave Us,Therapy Session,NF,10bt2wAkFgCWRCEOyAyWT9,2016-04-22,68,322586,0.536,0.513,0.708,0.0,0.0951,0.09,-7.882,0.758,78.33,6,4,1
Robin Hood,Robin Hood,Anson Seabra,5dyihZecYMcEPq09Bk2OL2,2018-09-21,65,221538,0.731,0.952,0.153,0.0,0.134,0.324,-14.409,0.0562,78.072,4,4,1
Just Hold On,Just Hold On,Presence,65o0SMVWuHgWfFykilVR1W,2019-09-27,11,203307,0.678,0.553,0.629,3.02e-05,0.117,0.186,-7.508,0.0712,130.007,11,4,1
Dead and Cold,Dead and Cold,SadBoyProlific,1A43TfohQt3H6K5zg28ExD,2018-11-10,5,89652,0.793,0.867,0.441,0.0,0.111,0.753,-10.297,0.579,74.746,2,4,1
you were good to me,brent,Jeremy Zucker,4CxFN5zON70B3VOPBYbd6P,2019-05-03,77,219146,0.561,0.913,0.0848,2.62e-05,0.112,0.206,-15.099,0.0404,102.128,2,4,1
Half A Man,A Place We Knew,Dean Lewis,1ugQtcwmKOXvKAYzhjncmv,2019-03-22,77,179120,0.507,0.855,0.204,0.0,0.143,0.343,-11.575,0.0504,77.765,0,4,1
If You Want Love,Perception,NF,3i5qVV8azKqGFK4Gzdt5YS,2017-10-06,76,199386,0.551,0.659,0.386,0.0,0.125,0.245,-10.22,0.132,116.409,0,1,1
Without You,DONNIFER,Digress,5HaCWspes4VazjyFxDkDaM,2020-10-07,0,182543,0.695,0.651,0.622,0.0,0.139,0.534,-5.895,0.0837,100.054,7,4,1
I Miss You,Low Fidelity,PFV,7JLdESAvajcphll9ZOsV6C,2020-11-20,16,166000,0.813,0.715,0.415,0.0,0.0979,0.382,-12.11,0.141,131.075,5,4,1
everything been different lately,everything been different lately,ELLIPSIS.,6FoWpVSecHxCdmi3DanKVz,2020-07-16,34,175995,0.477,0.415,0.395,0.682,0.104,0.0635,-12.841,0.0422,90.116,10,4,1
Neutral,Neutral,Restless Modern,09C7JzvwGCyddrV3Htn50Y,2020-11-04,0,160449,0.527,0.654,0.465,0.0,0.1,0.504,-6.04,0.422,87.079,11,4,1
Escape,Escape,Seon,10mwSL7dqcrekSoo8D4XtM,2020-09-28,0,210989,0.664,0.513,0.466,0.0,0.0628,0.43,-6.788,0.27,181.944,2,4,1
Heartbreak,Heartbreak & Bad Habits,SadBoyProlific,32ba0Jf4FfjK5mZOy0Mctq,2018-11-23,3,205740,0.862,0.502,0.357,4.78e-05,0.0955,0.519,-20.128,0.306,140.026,5,4,1
push everyone away,push everyone away,jherz,27twJKEJv4z4qpzAbwY56m,2019-12-05,0,110341,0.541,0.594,0.498,0.000417,0.0957,0.17,-11.138,0.029,148.012,8,4,1
Sunflower Feelings,Sunflower Feelings,Kuzu Mellow,5bCM68q8X5OS9sajTWaifU,2017-12-14,0,88685,0.816,0.806,0.441,6.67e-06,0.125,0.592,-15.068,0.0826,130.042,0,4,1
Not Enough,Not Enough,SadBoyProlific,7CcPttAk27UP2iR21ofxi4,2019-01-27,2,108120,0.834,0.917,0.368,0.0,0.099,0.454,-9.177,0.132,90.983,11,4,1
What It Feels to Feel Blue,What It Feels to Feel Blue,Oddsaul,1djwxXWh8zjd6HCof0u1X2,2017-09-13,0,151000,0.528,0.892,0.404,0.0,0.0747,0.145,-8.412,0.299,110.143,1,4,1
Low,Low,Lund,46za9pKXWkesH9DCrBbtNU,2018-04-28,0,233962,0.746,0.689,0.438,0.103,0.126,0.042,-7.016,0.0326,119.991,4,4,1
Me and You,More Than Music,Ollie,3iJEtmYCQHeUv0hQgHEPTN,2017-10-27,39,232851,0.771,0.564,0.464,0.0,0.111,0.305,-12.335,0.163,100.083,3,4,1
Worried,Natsukashii,SadBoyProlific,7J0aVprIHC5OHCYLYYZKOC,2018-12-24,2,122070,0.479,0.965,0.278,2.11e-05,0.104,0.663,-15.61,0.399,175.192,0,5,1
Blow My Phone Up,Blow My Phone Up,SadBoyProlific,2sYIV6KBonwGhNlHSnMClb,2018-11-10,45,133407,0.786,0.843,0.34,0.0,0.106,0.294,-13.642,0.452,73.998,8,3,1
World Without You,Sincerely Adolescence,Blai$y,0Qj2Mf1p69Brx9GVFNRnIT,2017-10-12,18,106695,0.703,0.645,0.34,0.0071,0.106,0.0992,-14.309,0.209,107.943,7,4,1
Monday Mourning,Monday Mourning,Drex Carter,10V96IBSJJjZPAS4fcKEmn,2018-05-14,56,120000,0.767,0.595,0.537,0.0,0.0862,0.632,-7.783,0.116,87.497,5,4,1
Can't Love Myself,Can't Love Myself,Monty Datta,0MO1qNhm8aRZchi8CJlIRo,2018-02-16,70,122723,0.541,0.913,0.0836,0.00199,0.126,0.452,-12.663,0.313,181.032,1,4,1
Feel Something,Feel Something,Thomas Reid,69ePYRzwQIVynhGb2R0GAm,2020-02-20,47,86709,0.518,0.633,0.623,0.0,0.103,0.236,-8.936,0.424,81.99,9,4,1
,,Various Artists,3ixmmYXzsJgiY6hP81LQr0,0000,0,0,0.659,0.921,0.349,0.0,0.13,0.121,-12.922,0.0801,103.824,1,4,1
,,Various Artists,4LPWmiQA26WWIN6KK0dqmR,0000,0,0,0.667,0.515,0.468,0.0,0.115,0.392,-8.158,0.0397,124.945,2,4,1
Midnight Thoughts,Midnight Thoughts,SadBoyProlific,19NEYj0nF2FHMr9X2HYxQd,2018-11-27,10,124891,0.703,0.416,0.39,0.0,0.178,0.624,-16.091,0.454,79.884,2,4,1
People Change,People Change,Kodie Osborne,3tQXcgANtsWFikbevMflJy,2018-09-10,52,112000,0.693,0.71,0.402,2.11e-06,0.368,0.373,-12.591,0.414,118.796,9,4,1
Carry On,17,XXXTENTACION,2yZax79pOrYuyIFVW2cZY2,2017-08-25,75,129720,0.735,0.768,0.197,0.000276,0.296,0.383,-13.378,0.537,147.899,3,4,1
Forever,Forever,ilyTOMMY,7uHRKSQ9WIlBBuBY7BHcbq,2019-03-08,71,108695,0.613,0.678,0.339,0.0,0.166,0.292,-14.908,0.135,106.582,5,5,1
I Don't Trust Nobody,I Don't Trust Nobody,cucu,4vxkeaDlicwTlHHKKNm12r,2017-11-05,4,72306,0.633,0.865,0.175,0.0677,0.496,0.58,-21.062,0.325,94.451,7,4,1
Closing My Eyes,The Whize Tapes Vol. 1,Alrahim Wright III,1h2djHkQtm3Ye6gFaAtubo,2019-05-22,0,118595,0.838,0.598,0.226,5.3e-05,0.114,0.462,-16.015,0.329,133.95,0,4,1
Losing Intrest,Thbk,Papithbk,2Wf33QOw0gJOBAN3Ir1nUp,2018-10-24,2,93231,0.822,0.618,0.328,0.0,0.174,0.549,-15.164,0.43,134.018,10,4,1
Looking at Life,Sincerely Adolescence,Blai$y,5KKIQZXiQBMRSbrtvtcVKA,2017-10-12,13,144421,0.763,0.675,0.293,1.56e-05,0.184,0.385,-15.393,0.357,94.122,4,4,1
not alone,not alone,sadeyes,136K7vs8qhkpWfKmculLG3,2018-11-11,53,173557,0.661,0.439,0.498,0.00147,0.398,0.385,-7.187,0.0369,80.019,0,4,1
Pain,Pain,SadBoyProlific,4uwAYsCRwsogc8UsCs5tG9,2018-11-30,2,123062,0.735,0.218,0.392,0.0,0.112,0.244,-14.839,0.0839,113.852,5,4,1
Nandina,Nandina,Drex Carter,0AFmxuY039QJ7aNIeAID6N,2018-07-20,53,177000,0.831,0.668,0.458,0.0,0.226,0.618,-10.59,0.238,98.512,7,4,1
Depression,Depression,Beowülf,7KcawTxc7mb2ss0FZxxqHb,2018-02-22,0,137691,0.548,0.972,0.171,0.644,0.0928,0.238,-21.345,0.12,140.165,0,4,1
Rip X,Rip X,iamjakehill,0RzAihLqsEg9Qcm4pfPbG2,2018-06-21,31,159326,0.693,0.418,0.434,0.0,0.338,0.685,-9.366,0.193,63.033,1,4,1
Wish I Was Better,Wish I Was Better,Kina,1kAkUHFb7ryeVkVSRD6Nkj,2020-04-10,65,140571,0.732,0.747,0.304,6.13e-05,0.143,0.185,-13.086,0.111,139.965,0,4,1
Suicide Letter 2,Nightmare Hills,Trick James,31tqdc6hO91Byv18aRLhNE,2017-11-06,56,177606,0.709,0.623,0.604,0.0,0.547,0.584,-9.048,0.405,82.999,4,4,1
Never Be Alright,Never Be Alright,Seon,6zJffE1wHyAu5WwNYwt0VI,2019-01-23,11,168280,0.835,0.625,0.283,3.4e-06,0.102,0.282,-10.121,0.0781,86.983,7,4,1
im used to it,im used to it,Powfu,5PqreNOgHtz0JusSoeitaF,2020-04-17,0,175242,0.647,0.752,0.341,0.0,0.102,0.337,-8.51,0.0382,79.072,0,4,1
Love Is More Depressing Than Depression,Love Wounds,prxz,7A0T4eb6jPhhQp3KQis6ww,2017-10-21,31,133276,0.75,0.76,0.227,0.125,0.135,0.416,-16.255,0.236,100.163,0,4,1
Chill Calling,Chill Calling,Fatboibari,2icVMtiC4OalZXYJTnynlu,2018-11-16,55,99474,0.645,0.171,0.272,0.0,0.337,0.358,-17.213,0.343,110.479,8,4,1
Is It Too Late for Me,Is It Too Late for Me,Beowülf,5qbWgH6xs6CUkua6tG2BNP,2018-01-02,1,117002,0.86,0.862,0.302,0.269,0.168,0.935,-19.123,0.148,113.987,1,4,1
Say Goodbye,Say Goodbye,Monty Datta,3xNIVmBIe839tAsoGe3A4b,2019-06-19,67,150415,0.706,0.468,0.297,0.0,0.0725,0.123,-13.652,0.132,104.049,3,4,1
Broken Down,Maybe This Was Supposed To Happen,Ollie,4rvB7ztrX4I8Ca9XTqIzD2,2020-04-17,44,205170,0.707,0.743,0.461,0.0,0.0986,0.361,-10.5,0.453,80.272,5,4,1
She Wonders Why,She Wonders Why,Astrus*,0I3Lzmf3JDIOyFLcrruRjO,2018-02-07,3,131201,0.671,0.468,0.288,0.0,0.139,0.42,-14.176,0.496,68.287,1,5,1
Haunted,Haunted,Zimm,6ph1Q5pONWARCiSX8Ua6JE,2017-09-03,49,176067,0.708,0.407,0.594,0.0,0.139,0.306,-8.283,0.0745,109.922,4,4,1
BURN,BURN,LIL DUSTY G,3jNmig8j1tlvXWL37UQDMz,2017-12-21,44,206649,0.715,0.747,0.689,0.0,0.112,0.365,-6.035,0.169,122.012,1,4,1
I Know You So Well,I Know You So Well,Ondi Vil,1j1grC3HUOkKTQ8gqK8wKg,2018-02-12,3,175522,0.649,0.873,0.213,0.765,0.104,0.0957,-12.285,0.0731,133.985,7,4,1
When Have I Fallen,When Have I Fallen,Kochetkovv,1g9pNxvJYOSUIeXYhaOFTr,2019-01-19,0,123876,0.711,0.864,0.111,0.925,0.121,0.273,-19.202,0.0696,124.003,11,4,1
Lost,Forgive Me for My Honesty,Ivan B,5hJZFL1Mumu4YGwfoF2xRG,2017-08-25,39,210886,0.439,0.575,0.58,0.0,0.0912,0.405,-10.045,0.405,170.611,9,3,1
Numb,Numb,Wolf,5HqsIJnVMbvNjtyxaV3XcC,2018-08-20,41,215838,0.798,0.682,0.429,0.0,0.329,0.597,-10.494,0.262,90.986,11,4,1
What Brightside?,"One Day, I'll Be Okay.",dxrrvn,7hTtjZpzDLKdpoKCQStXRs,2020-01-03,37,176793,0.711,0.819,0.622,0.000992,0.326,0.454,-10.476,0.117,106.035,3,4,1
Nobody Cares,Nobody Cares,Kina,4CALLtGlZBwdpfQvMQvhH2,2018-03-05,25,175229,0.657,0.725,0.159,0.73,0.279,0.0833,-15.618,0.0395,100.018,4,4,1
INSECTS,INSECTS,LIL DUSTY G,4nushtVyhmJXKMiHWA0NLH,2019-02-01,58,158346,0.582,0.379,0.397,0.0,0.0759,0.531,-10.582,0.0453,170.031,2,4,1
Stay,Solace,iamjakehill,1GXuVOHHqIUKgfL9szuGTs,2018-04-15,31,185091,0.728,0.811,0.668,0.0,0.117,0.857,-8.386,0.143,82.967,2,4,1
Depression (feat. Young Verse),Depression (feat. Young Verse),Nakuu,1vhNdj120DThwevpJnr4q6,2017-06-29,38,206053,0.761,0.581,0.505,0.0,0.0902,0.407,-12.327,0.264,76.457,6,4,1
It's Not My Fault,It's Not My Fault,Cxldaf,3t74xBwOxCecWSTj0lpKrN,2020-08-07,17,222901,0.831,0.838,0.394,0.000681,0.111,0.0889,-13.494,0.322,139.801,1,4,1
Who I've Become,Who I've Become,Cxldaf,4yX020tKTnmtAwsNouIpl9,2020-07-31,16,165602,0.652,0.808,0.372,1.39e-05,0.124,0.129,-14.199,0.498,138.947,8,4,1
In My Head,In My Head,Ollie,3bFOB3ZrsB41dOP0uTXVy5,2020-09-11,34,143611,0.731,0.807,0.413,0.0,0.113,0.738,-7.863,0.0461,139.891,7,4,1
Gone Like I'm Dying,Gone Like I'm Dying,Seon,6V3OpxM3Pdb3WewGwvM2SE,2020-06-22,0,204460,0.494,0.779,0.331,0.0,0.111,0.575,-9.24,0.0519,108.456,1,4,1
WHAT WERE YOU THINKING,WHAT WERE YOU THINKING,Cxldaf,0H5mo6JYyKpT1dawByK44x,2020-09-18,12,153145,0.849,0.896,0.427,0.0,0.0879,0.488,-14.757,0.759,90.073,0,4,1
Text You Back,Text You Back,Presence,4w40Qogh5Ibzpsl9daHS6I,2020-09-18,6,183000,0.553,0.752,0.546,2.64e-06,0.108,0.626,-8.985,0.123,170.053,7,4,1
WRONG,CHRYSALISM,EL GUAPO,2qeUpuOij3PCTEGj0j4bsW,2020-09-25,0,135174,0.742,0.628,0.409,0.0,0.111,0.367,-11.835,0.424,171.979,6,4,1
Bertha,Bertha,Ecvargas,0y2RwJ8bU45Avw8UVjVLsO,2019-07-17,14,149838,0.78,0.429,0.394,0.0,0.19,0.278,-7.268,0.341,84.826,0,4,1
life or death,life or death,aftrthght,5TxYnk5bdNdvIoTRJAgqNt,2019-12-27,44,128400,0.836,0.492,0.421,0.0,0.111,0.329,-11.325,0.0893,99.951,0,4,1
When I'm On The Floor,7 HOURS,Cxldaf,6slnFWwkpXclKpNkxeraws,2020-10-30,15,165759,0.831,0.891,0.291,0.0,0.0971,0.727,-11.032,0.491,138.908,1,4,1
Changes,Changes,Samson Ace Miller,0lNNMH0U9Pk7zY5pjXGEK1,2020-07-17,46,132460,0.782,0.663,0.558,0.000932,0.152,0.574,-9.921,0.194,116.137,11,4,1
rumors,John,John Phelps,2m6h3qMCzfyNneeYWKhUEB,2020-11-11,12,206628,0.579,0.892,0.371,0.00869,0.327,0.0552,-11.149,0.0282,114.948,1,4,1
Baby You're Worth It,Baby You're Worth It,Kina,6vJ6FR4WtlKSxe8lmh3F1C,2018-06-13,12,130925,0.695,0.685,0.253,0.14,0.105,0.264,-15.884,0.0461,120.033,2,4,1
You Don't Want Me Anymore,You Don't Want Me Anymore,Snøw,0K4gxQ2u3545b0GAu85ObO,2019-05-31,67,165000,0.685,0.367,0.23,0.000971,0.101,0.0417,-12.525,0.0388,96.085,0,4,1
i'm closing my eyes,i'm closing my eyes,potsu,3NsuucK8qXpIJf7KPZX7vq,2017-05-17,68,118302,0.895,0.534,0.109,0.549,0.106,0.546,-13.853,0.0996,134.067,0,4,1
Can We Kiss Forever?,Can We Kiss Forever?,Kina,58wyJLv6yH1La9NIZPl3ne,2018-08-31,77,187931,0.522,0.894,0.128,0.026,0.0941,0.124,-18.717,0.0357,109.986,4,4,1
Are You Still With Him,Are You Still With Him,Kina,4nlry8WISrv04S1E619p3A,2018-05-02,48,193567,0.611,0.922,0.322,0.000818,0.35,0.315,-14.461,0.0367,119.957,2,4,1
changes,?,XXXTENTACION,7AFASza1mXqntmGtbxXprO,2018-03-16,80,121886,0.669,0.883,0.308,0.0,0.0984,0.52,-10.068,0.029,64.934,11,4,1
Survive,Survive,Lil Happy Lil Sad,62IJwwGlHV0xomvojq4dEW,2017-09-17,50,153913,0.809,0.812,0.232,0.00227,0.09,0.371,-12.797,0.0495,115.034,9,4,1
Scars on My Heart,Scars on My Heart,Powfu,3UYn4qdsgnQlbOgYiVIyYJ,2018-11-28,57,224000,0.652,0.931,0.483,0.0,0.0959,0.469,-8.92,0.246,78.267,6,4,1
im so sick of this,post death,guccihighwaters,1i9ItiMY9JrFTnqkTlm0n0,2017-08-31,0,234736,0.719,0.891,0.387,0.0,0.114,0.17,-9.38,0.0643,135.064,10,4,1
I Don't Wanna Do This Anymore,Revenge,XXXTENTACION,5de9Ho64dovuQI8Uhn5gPD,2017-05-16,77,87560,0.433,0.843,0.778,0.0,0.139,0.764,-7.681,0.041,114.208,4,4,1
"ALONE, PART 3",?,XXXTENTACION,2oe6dDthgthqUkfL3czpEd,2018-03-16,68,109986,0.61,0.883,0.258,0.0145,0.103,0.164,-12.758,0.0331,127.08,0,4,1
Let Me Die,Let Me Die,Lil Happy Lil Sad,7riw7J5mZsWvf3x1fSEZtS,2017-07-29,0,218775,0.601,0.709,0.499,0.919,0.112,0.383,-11.542,0.0315,78.988,4,4,1
i hate me too,post death,guccihighwaters,78H9IT4mIRoFWBfgdGr1sU,2017-08-31,0,156942,0.719,0.643,0.473,0.00692,0.105,0.304,-10.595,0.0538,130.04,10,4,1
anything for your love,post death,guccihighwaters,6hhOcxrMMMUAoUW5j1Bkje,2017-08-31,0,184685,0.814,0.928,0.333,1.23e-06,0.0853,0.18,-11.492,0.0685,134.981,5,4,1
Save Me,17,XXXTENTACION,2UwbhMie1EAYuTZ0QXeMwl,2017-08-25,70,163201,0.731,0.307,0.204,0.0109,0.0989,0.191,-11.314,0.0369,142.141,9,4,1
i thought i died inside,singles,guccihighwaters,4pUzAWwqEBpgt2B5JsMzmC,2017-10-15,2,186480,0.66,0.908,0.383,0.0,0.106,0.173,-9.781,0.0359,129.959,6,4,1
i am burning,singles,guccihighwaters,1QmRV9gwHujIMkF2MhjpSn,2017-10-15,0,173096,0.697,0.94,0.498,0.000379,0.111,0.273,-6.449,0.0426,140.181,3,4,1
Losin Control,There's Really A Wolf,Russ,4cxMGhkinTocPSVVKWIw0d,2017-05-05,75,237506,0.759,0.515,0.245,0.000154,0.102,0.209,-6.545,0.138,96.992,6,4,1
what are you so afraid of,SKINS,XXXTENTACION,57nOpVSc3j9o03Cr928ZM4,2018-12-07,67,150769,0.639,0.774,0.312,0.469,0.0857,0.347,-9.902,0.0301,103.369,0,4,1
im gonna fade away,singles,guccihighwaters,1DtsjONE51HFBpsjpYhZnG,2017-10-15,0,225441,0.74,0.888,0.566,0.0,0.103,0.372,-5.815,0.0371,132.015,3,4,1
Love Again,Missing,itssvd,24AwtsoqGVqmCyFHpjMEBm,2017-02-12,0,89340,0.643,0.809,0.417,0.0147,0.168,0.355,-10.155,0.186,94.435,4,4,1
Is This the Life I Chose?,The Dark Ages,Aaryan Shah,2P13hDaVsOIvltSsXmZzXs,2020-10-30,54,217173,0.599,0.744,0.332,6.93e-05,0.133,0.184,-9.434,0.0497,93.941,6,4,1
My Side,My Side,Neyomi,0c5gt68cTZE0DkHqS6ASuz,2021-03-19,45,148793,0.642,0.666,0.734,2.02e-06,0.111,0.426,-7.327,0.135,157.99,4,4,1
X (feat. Future),Savage Mode,21 Savage,6fwdbPMwP1zVStm8FybmkO,2016-07-15,72,258880,0.835,0.373,0.413,0.00133,0.101,0.111,-9.81,0.396,149.004,1,4,1
Noticed,Northsbest (Extended),Lil Mosey,7zLYKWcXnYeHHWidalz7rj,2018-10-19,75,165000,0.699,0.462,0.558,0.0,0.116,0.493,-7.622,0.0603,79.992,11,4,1
Want Beef? 2.0,Want Beef? 2.0,YSN Flow,7fxQmoMf84inucOZNzM8iz,2019-07-27,47,162901,0.742,0.459,0.382,0.0,0.338,0.385,-12.062,0.201,119.906,2,4,1
F.N,True 2 Myself,Lil Tjay,0RLLvYBopDwooCyvnTwgYu,2019-10-11,79,224000,0.567,0.354,0.515,0.0,0.078,0.321,-10.265,0.247,120.1,6,1,1
23 Island,Misunderstood,JayDaYoungan,2DnyKpPcFpC460wLJeGzOs,2019-10-11,67,243246,0.804,0.563,0.383,0.0,0.238,0.455,-10.984,0.354,118.009,7,4,1
Fade Away,Fade Away,The Kid LAROI,32ypPhtgTaETvFn3ZIHXTW,2020-04-17,64,179252,0.726,0.406,0.414,0.0,0.0713,0.47,-12.296,0.269,150.009,9,4,1
Shots,We Love You Tecca,Lil Tecca,6eSU1exzDvBEXmBRxspeh5,2019-08-30,65,109373,0.829,0.525,0.582,0.0,0.0759,0.51,-5.721,0.0415,108.028,7,4,1
10 Freaky Girls (with 21 Savage),NOT ALL HEROES WEAR CAPES (Deluxe),Metro Boomin,0AluA5RNsa4Cx6XRhf2hWZ,2018-11-06,78,208293,0.81,0.588,0.353,0.0,0.102,0.0727,-9.931,0.31,88.031,6,4,1
Love Me,We Love You Tecca,Lil Tecca,4e0FYxSROat25pH16zMTZI,2019-08-30,77,117013,0.719,0.632,0.538,0.0,0.135,0.803,-6.897,0.28,204.132,11,4,1
Ghostface Killers (feat. Travis Scott),Without Warning,21 Savage,5u6vkDnOyaf8LsteDAj2ub,2017-10-30,70,268933,0.782,0.333,0.435,1.31e-05,0.342,0.242,-7.033,0.156,82.996,2,4,1
Chicago Freestyle (feat. Giveon),Dark Lane Demo Tapes,Drake,4wVOKKEHUJxHCFFNUWDn0B,2020-05-01,80,220487,0.735,0.629,0.449,0.0,0.113,0.0397,-7.507,0.347,122.947,10,4,1
Stay High,Legends Never Die,Juice WRLD,1AnkdcHl86kEhDvhaKDuIe,2020-07-10,0,168684,0.745,0.439,0.5,0.0,0.0943,0.433,-6.184,0.136,76.968,8,4,1
Watch Out,Watch Out,2 Chainz,22DKsoYFV5npPXmnPpXL7i,2015-07-22,56,207813,0.899,0.826,0.504,0.0,0.052,0.537,-6.758,0.5,129.89,8,4,1
Through the Storm,Through the Storm,YoungBoy Never Broke Again,2u6XJ2PPaCyyRJqC0x6TMH,2018-06-08,0,163566,0.881,0.631,0.581,0.0,0.0986,0.876,-5.162,0.0901,78.508,5,4,1
CLOUT COBAIN | CLOUT CO13A1N,TA13OO,Denzel Curry,2LNMhZ3YijTO7USmqjgJfG,2018-07-27,66,231333,0.794,0.591,0.448,0.0,0.109,0.588,-4.771,0.0539,120.055,10,4,1
G.O.M.D.,2014 Forest Hills Drive,J. Cole,16qYlQ6koFxYVbiJbGHblz,2014-12-09,13,301133,0.89,0.331,0.393,8.81e-06,0.283,0.304,-10.821,0.267,128.084,4,4,1
The Kiss Of Venus (Dominic Fike),The Kiss Of Venus (Dominic Fike),Paul McCartney,3gCYle76USfbHa7VDTDg5V,2021-03-11,61,143530,0.715,0.627,0.374,0.0,0.11,0.633,-6.665,0.0399,89.982,8,4,1
Dancing in My Room,Dancing in My Room,347aidan,7CCCX50zGHMTuHsyKQy03l,2020-10-26,0,180121,0.979,0.658,0.41,3.42e-05,0.205,0.74,-11.056,0.112,119.971,8,4,1
Roll Up (feat. Marko Penn),Roll Up (feat. Marko Penn),B.o.B,6cbVp9abjjESjHgqjM1bWm,2016-04-29,54,168631,0.825,0.513,0.453,0.0,0.102,0.614,-8.17,0.0451,108.991,10,4,1
B-A-B-Y,Carla,Carla Thomas,35w6fQ0Wnuv7aIryRx7gTq,1966,56,177000,0.74,0.428,0.301,0.0,0.0782,0.669,-11.975,0.0467,113.61,8,4,1
Another Sad Love Song,American Teen,Khalid,52Qu0no0NBho3zyRmjlsHn,2017-04-27,65,244746,0.834,0.412,0.472,6.76e-05,0.0836,0.517,-7.777,0.0873,107.014,5,4,1
imagine if,imagine if,Garrett Nash,12gnUTEnxL6PYN06RX2Je1,2018-06-08,0,197216,0.907,0.568,0.452,0.0,0.244,0.691,-6.673,0.187,92.063,8,4,1
Have It All - Acoustic,Have It All (Acoustic),Jason Mraz,224gXcCGXI5YpFlGsWVTs0,2018-05-25,48,225148,0.726,0.474,0.498,0.0,0.0602,0.779,-4.924,0.0467,82.046,1,4,1
Ophelia,Cleopatra,The Lumineers,5NORWMFC27ywGSZxi8uquP,2016-04-08,78,160097,0.664,0.613,0.573,0.000363,0.0857,0.566,-6.519,0.0277,76.023,5,4,1
Life Goes On,Life Goes On,Bryce Vine,7HbKIvZWeJPD6JmxQymOZ8,2020-07-31,46,201856,0.828,0.625,0.617,0.000212,0.137,0.933,-9.005,0.0501,105.981,4,4,1
peanut butter,see you later maybe never (demos),easy life,4K9Jh6jnw0P4FZUwrG6Keb,2020-05-29,54,160656,0.667,0.703,0.466,0.0,0.0807,0.819,-7.565,0.176,85.949,6,4,1
All The Time,Bahamas Is Afie,Bahamas,0qI1W6chJgvrSAzAkX9JBa,2014-08-19,63,234973,0.711,0.648,0.464,0.00373,0.0846,0.507,-4.816,0.0488,127.274,4,4,1
"Something to Rap About (feat. Tyler, The Creator)",Alfredo,Freddie Gibbs,5OkYfk72CNL8XLqa3gp9q7,2020-05-29,66,282560,0.406,0.469,0.524,3.95e-06,0.117,0.412,-11.071,0.255,56.046,5,4,1
My War,My War,Black Flag,4rrbptVnZifk4wC5mvNDPm,1984-03-01,49,226333,0.215,0.65,0.503,0.0283,0.098,0.35,-16.318,0.0463,186.866,1,1,1
Holiday In Cambodia,Fresh Fruit for Rotting Vegetables,Dead Kennedys,3RNlXmY0mgiTXWwn0BIudY,1980-01-01,16,279333,0.31,0.821,0.957,0.553,0.344,0.383,-8.706,0.0676,100.808,7,4,1
Damaged I,Damaged,Black Flag,4eYKTUU5AdmbaNHoHnGUpl,1981,30,230733,0.333,0.349,0.703,0.255,0.278,0.207,-14.835,0.0426,79.592,2,4,1
Wasted,Nervous Breakdown,Black Flag,4nrsxlCHeaa8NLrfhCI05b,2006-01-24,42,51373,0.46,0.645,0.941,0.0,0.392,0.168,-10.884,0.0764,91.414,0,4,1
Where Eagles Dare,Collection,Misfits,5LgiqEgpK54OfXC6947wbU,1986-01-01,60,128426,0.282,0.741,0.943,0.414,0.178,0.15,-7.746,0.121,182.381,2,4,1
Magic In The Hamptons (feat. Lil Yachty),Magic In The Hamptons (feat. Lil Yachty),Social House,2Yer0p7uB2lVBUAtANuuQp,2018-06-08,77,164640,0.769,0.66,0.479,0.0,0.0914,0.803,-5.339,0.0385,96.051,1,4,1
Mariposa,Mariposa,Peach Tree Rascals,4ja2gzrNh9VNigzoXfmbwD,2019-08-28,75,210000,0.676,0.617,0.525,0.0,0.356,0.421,-5.88,0.028,112.011,9,4,1
Catching Feelings (feat. Six60),Catching Feelings (feat. Six60),Drax Project,02VHspkXhhH1QCInRWWIfr,2019-09-04,54,218854,0.397,0.607,0.524,0.0,0.157,0.343,-5.846,0.103,175.562,3,4,1
Learn To Fly,Learn To Fly (with Elton John),Surfaces,518miTxc3a15X7HB8FgJUW,2020-06-12,60,209832,0.569,0.554,0.536,0.0,0.0655,0.656,-6.137,0.0819,173.695,1,4,1
Someone Like You,21,Adele,1zwMYTA5nlNjZxYrvBB2pV,2011-01-24,79,285240,0.556,0.893,0.319,0.0,0.0996,0.294,-8.251,0.0281,135.187,9,4,1
When I Was Your Man,Unorthodox Jukebox,Bruno Mars,0nJW01T7XtvILxQgC5J7Wh,2012-12-07,85,213826,0.612,0.932,0.28,0.0,0.088,0.387,-8.648,0.0434,72.795,0,4,1
Someone You Loved,Divinely Uninspired To A Hellish Extent,Lewis Capaldi,7qEHsqek33rTcFNT9PFqLf,2019-05-17,86,182160,0.501,0.751,0.405,0.0,0.105,0.446,-5.679,0.0319,109.891,1,4,1
Almost Is Never Enough,Yours Truly,Ariana Grande,63bo7NDoWdMFXufhsYOxwG,2013-01-01,55,327773,0.323,0.824,0.327,0.0,0.101,0.335,-7.494,0.0411,81.329,2,4,1
Happier,÷ (Deluxe),Ed Sheeran,2RttW7RAu5nOAfq6YFvApB,2017-03-03,80,207520,0.522,0.536,0.385,0.0,0.135,0.236,-7.355,0.0288,89.792,0,4,1
Thinkin Bout You,channel ORANGE,Frank Ocean,7DfFc7a6Rwfi3YQMRbDMau,2012-07-10,77,200746,0.721,0.409,0.339,0.00153,0.0973,0.2,-11.195,0.0532,129.83,0,4,1
If I Ain't Got You,The Diary Of Alicia Keys,Alicia Keys,3XVBdLihbNbxUwZosxcGuJ,2003-12-02,79,228706,0.609,0.603,0.444,6.86e-06,0.104,0.166,-9.129,0.106,118.402,7,3,1
Remember Who I Was,Remember Who I Was,James Arthur,7AsQ91Fnyga6cqYIJaMSVe,2016-10-21,36,178093,0.349,0.847,0.326,3.33e-06,0.112,0.179,-9.151,0.0504,76.909,8,4,1
"i hate u, i love u (feat. olivia o'brien)",us,Garrett Nash,7vRriwrloYVaoAe3a9wJHe,2016-03-25,78,251033,0.492,0.687,0.275,0.0,0.101,0.18,-13.4,0.3,92.6,6,4,1
Jealous,Jealous - EP,Labrinth,4G92yYrUs0cvY7G41YRI0z,2014-11-23,77,287693,0.439,0.874,0.153,0.0,0.107,0.104,-8.95,0.0479,116.76,1,3,1
Let It Go,Chaos And The Calm,James Bay,13HVjjWUZFaWilh2QUJKsP,2014-12-15,70,260533,0.546,0.818,0.311,1.65e-05,0.107,0.246,-10.396,0.0288,147.464,1,4,1
Stay - Album Version (Edited),Unapologetic (Edited Version),Rihanna,789CxjEOtO76BVD1A9yJQH,2012-01-01,68,240706,0.621,0.945,0.31,6.12e-05,0.117,0.125,-10.164,0.0283,111.893,9,4,1
So Many Skies,Antipodes,Caroline Jones,2LF0OpWDJDad3cNGqwk3kf,2021-11-12,63,215611,0.469,0.752,0.334,2.48e-05,0.376,0.282,-8.172,0.0263,84.905,2,3,1
A Thousand Years,A Thousand Years,Christina Perri,6lanRgr6wXibZr8KgzXxBl,2011-10-18,81,285120,0.421,0.309,0.407,0.000961,0.11,0.161,-7.445,0.0267,139.028,10,3,1
Supermarket Flowers,÷ (Deluxe),Ed Sheeran,4VuS959DSpr82t3qBqCrWG,2017-03-03,75,221106,0.589,0.914,0.242,0.0,0.0887,0.257,-10.517,0.0442,89.749,6,4,1
Dancing On My Own,Only Human (Deluxe),Calum Scott,2BOqDYLOJBiMOXShCV1neZ,2018-03-09,81,260285,0.681,0.837,0.174,3.35e-05,0.0983,0.231,-8.745,0.0315,112.672,1,4,1
Skinny Love,Birdy,Birdy,4RL77hMWUq35NYnPLXBpih,2011-11-04,71,201080,0.379,0.952,0.29,0.00106,0.118,0.169,-8.485,0.051,166.467,4,4,1
Jar of Hearts,lovestrong.,Christina Perri,0HZhYMZOcUzZKSFwPOti6m,2011-05-10,73,246587,0.349,0.726,0.348,0.0,0.12,0.0886,-6.142,0.0316,74.541,3,4,1
All of Me,Love In The Future (Expanded Edition),John Legend,3U4isOIWM3VvDubwSI3y7a,2013-08-30,85,269560,0.422,0.922,0.264,0.0,0.132,0.331,-7.064,0.0322,119.93,8,4,1
Superficial Love,The Intro,Ruth B.,5hwh37sTi84MVhCBMWzhGE,2015-11-27,68,207973,0.477,0.928,0.242,0.0,0.0818,0.488,-9.162,0.0529,43.509,8,4,1
River Of Tears,Know-It-All (Deluxe),Alessia Cara,5NRl32BO29q8xtWFvOlHZE,2015-11-13,28,254506,0.388,0.928,0.372,0.0,0.146,0.285,-5.72,0.0468,89.701,6,4,1
One Day,One Day,Tate McRae,27r2uANqwK7XbsiAZnzf9e,2017-12-24,52,202496,0.52,0.922,0.119,0.0,0.0883,0.355,-12.148,0.0407,69.217,0,4,1
Like I'm Gonna Lose You (feat. John Legend),Title (Deluxe),Meghan Trainor,2YlZnw2ikdb837oKMKjBkW,2015-01-09,78,225053,0.63,0.4,0.53,0.0,0.177,0.417,-7.259,0.0434,108.038,0,3,1
Kiss Me,+,Ed Sheeran,0Tel1fmuCxEFV6wBLXsEdk,2011-09-09,70,280853,0.589,0.64,0.227,0.00469,0.0248,0.182,-16.67,0.0498,74.993,2,4,1
Lay Me Down,In The Lonely Hour (Drowning Shadows Edition),Sam Smith,64GRDrL1efgXclrhVCeuA0,2015-11-06,73,219535,0.468,0.919,0.19,0.0,0.107,0.326,-11.138,0.0373,125.319,4,4,1
Photograph,x (Wembley Edition),Ed Sheeran,6fxVffaTuwjgEk5h9QyRjy,2013,65,258986,0.614,0.607,0.379,0.000464,0.0986,0.201,-10.48,0.0476,107.989,4,4,1
Let Me Down Slowly,Narrated For You,Alec Benjamin,2qxmye6gAegTMjLKEBoR3d,2018-11-16,84,169353,0.652,0.74,0.557,0.0,0.124,0.483,-5.714,0.0318,150.073,1,4,1
idontwannabeyouanymore,dont smile at me,Billie Eilish,41zXlQxzTi6cGAjpOXyLYH,2017-12-22,80,203569,0.483,0.737,0.412,0.0,0.116,0.247,-8.461,0.0402,170.163,7,3,1
ocean eyes,Ocean Eyes,Billie Eilish,2uIX8YMNjGMD7441kqyyNU,2016-11-18,67,200560,0.475,0.819,0.37,0.0577,0.0841,0.157,-7.725,0.0361,144.828,4,4,1
Thinking out Loud,x (Deluxe Edition),Ed Sheeran,34gCuhDGsG4bRPIf9bb02f,2014-06-21,83,281560,0.781,0.474,0.445,0.0,0.184,0.591,-6.061,0.0295,78.998,2,4,1
Break My Heart Again,Break My Heart Again,FINNEAS,2is19a6HY7ZdWP654IMhEE,2018-02-09,64,238012,0.402,0.907,0.151,0.0,0.0941,0.483,-14.227,0.0395,144.293,4,4,1
Malibu Nights,Malibu Nights,LANY,0Eqg0CQ7bK3RQIMPw1A7pl,2018-10-05,75,286928,0.559,0.701,0.422,1.99e-06,0.0853,0.191,-11.89,0.195,74.002,11,4,1
She Will Be Loved - Acoustic,1.22.03 Acoustic,Maroon 5,2sLS4tVaEoMYrNS67PVz0V,2004,67,276786,0.618,0.496,0.504,4.73e-06,0.698,0.58,-9.328,0.0319,98.12,11,4,1
Something's Gotta Give,Camila,Camila Cabello,7IL3UOlcJ6nmcCMwpnlfcA,2018-01-12,62,236360,0.545,0.367,0.458,0.0,0.118,0.164,-4.6,0.0279,79.943,5,4,1
Stay,beerbongs & bentleys,Post Malone,4H7WNRErSbONkM06blBoGc,2018-04-27,75,204426,0.507,0.449,0.48,0.0,0.147,0.35,-5.418,0.0266,86.046,5,4,1
Hurt,Back To Basics,Christina Aguilera,6gDXbcILAyBa2skSdbUYq7,2006-08-14,65,243373,0.327,0.775,0.295,0.0,0.107,0.143,-6.907,0.0313,148.574,4,4,1
when the party's over,"WHEN WE ALL FALL ASLEEP, WHERE DO WE GO?",Billie Eilish,43zdsphuZLzwA9k4DJhU0I,2019-03-29,82,196077,0.367,0.978,0.111,3.97e-05,0.0897,0.198,-14.084,0.0972,82.642,4,4,1
I Can't Fall in Love Without You,So Good,Zara Larsson,4VPXFi4vFTtS9wHe6oMQaT,2017-03-17,66,180640,0.485,0.784,0.332,0.000122,0.146,0.273,-9.244,0.0338,130.813,4,4,1
I Hope,I Hope,Tayler Holder,4WRAJha1hu2dLMXGk3Xgox,2022-06-09,50,138218,0.608,0.539,0.477,1.51e-06,0.0962,0.492,-9.396,0.0502,114.01,8,4,1
Don't Forget About Me,XIII,CLOVES,4gVZhkcsZcwQ4mU1gEeXEO,2015-11-20,60,268853,0.494,0.822,0.243,0.00225,0.147,0.0722,-9.083,0.0316,126.063,5,4,1
Young And Beautiful,Young And Beautiful,Lana Del Rey,2nMeu6UenVvwUktBCpLMK9,2013-01-01,80,236053,0.324,0.262,0.416,3.69e-05,0.11,0.151,-8.92,0.0368,113.986,11,4,1
A Drop In The Ocean,The Bedroom Demos,Ron Pope,5JDcQAztvZTIkrWoZihgvC,2008-05-04,69,220239,0.447,0.785,0.393,0.0,0.28,0.564,-8.65,0.038,73.139,5,3,1
I Won't Give Up,Love Is a Four Letter Word (Deluxe Edition),Jason Mraz,53QF56cjZA9RTuuMZDrSA6,2012-04-13,71,240165,0.483,0.694,0.303,0.0,0.115,0.139,-10.058,0.0429,133.406,4,3,1
Life Is Worth Living,Purpose (Deluxe),Justin Bieber,4yWCzA44dQyp0SoeM81bUb,2015-11-13,60,234786,0.558,0.907,0.296,0.0,0.108,0.463,-9.18,0.0427,76.04,10,4,1
You Are The Reason,Only Human (Deluxe),Calum Scott,69vToJ9BMbbLlFZo7k7A7B,2018-03-09,81,204326,0.329,0.918,0.235,0.0,0.137,0.22,-7.699,0.0303,171.006,10,3,1
Shot Down,American Teen,Khalid,1Ob94QesoxHSBrypyBbdfd,2017-04-27,63,207106,0.767,0.893,0.512,0.000223,0.103,0.489,-6.777,0.0591,123.921,6,4,1
Lose You To Love Me,Rare,Selena Gomez,4l0Mvzj72xxOpRrp6h8nHi,2020-01-10,81,206458,0.488,0.556,0.343,0.0,0.21,0.0978,-8.985,0.0436,102.819,4,4,1
Lover,Lover,Taylor Swift,1dGr1c8CrMLDpV6mPbImSI,2019-08-23,84,221306,0.359,0.492,0.543,1.58e-05,0.118,0.453,-7.582,0.0919,68.534,7,4,1
Heaven,BEYONCÉ [Platinum Edition],Beyoncé,0fYwfZcgijhIOyXn0RVPwq,2014-11-24,54,230893,0.346,0.573,0.188,0.0166,0.108,0.0388,-12.688,0.0327,103.265,6,4,1
Little Do You Know,It's About Us,Alex & Sierra,1almCHdsfikRPfVB9VrEdT,2014-10-06,77,185200,0.5,0.746,0.292,0.0,0.188,0.37,-8.554,0.0323,145.879,0,4,1
Say Something,Is There Anybody Out There?,A Great Big World,6Vc5wAMmXdKIAM7WUoEb7N,2014-01-20,75,229400,0.407,0.857,0.147,2.89e-06,0.0913,0.0765,-8.822,0.0355,141.284,2,3,1
Love Me or Leave Me,Get Weird (Expanded Edition),Little Mix,1n73Qe6oEprLsUNHXET2pb,2015-11-06,73,206493,0.437,0.566,0.351,0.0,0.0888,0.383,-6.823,0.0313,68.659,6,4,1
Hello,25,Adele,62PaSfnXSMyLshYJrlTuL3,2015-11-20,73,295502,0.578,0.33,0.43,0.0,0.0854,0.288,-6.134,0.0305,78.991,5,4,1
Jocelyn Flores,17,XXXTENTACION,7m9OqQk4RVRkw9JJdeAw96,2017-08-25,85,119133,0.872,0.469,0.391,4.13e-06,0.297,0.437,-9.144,0.242,134.021,0,4,1
Let Her Go,All the Little Lights (Deluxe Version),Passenger,0JmiBCpWc1IAc0et7Xm7FL,2013-02-17,61,252733,0.479,0.365,0.545,0.0,0.0963,0.243,-7.346,0.0688,74.897,7,4,1
The Fault in Our Stars,The Fault in Our Stars,Troye Sivan,6LteLVcW0oWLjuW6nePyWb,2013-05-05,62,187194,0.481,0.613,0.179,2.84e-05,0.145,0.405,-21.424,0.109,74.85,3,4,1
Say You Won't Let Go,Back from the Edge,James Arthur,5uCax9HTNlzGybIStD3vDh,2016-10-28,84,211466,0.358,0.695,0.557,0.0,0.0902,0.494,-7.398,0.059,85.043,10,4,1
you broke me first,you broke me first,Tate McRae,45bE4HXI0AwGZXfZtMp8JR,2020-04-17,84,169265,0.667,0.785,0.373,0.0,0.0906,0.0823,-9.389,0.05,124.148,4,4,1
Too Good At Goodbyes - Edit,Too Good At Goodbyes,Sam Smith,0mel2N9Ws9r4yLQn5QE21Y,2017-09-08,0,201000,0.653,0.658,0.378,0.0,0.177,0.54,-8.273,0.0533,91.835,5,4,1
Bruises,Divinely Uninspired To A Hellish Extent,Lewis Capaldi,4Of7rzpRpV1mWRbhp5rAqG,2019-05-17,80,220492,0.736,0.946,0.308,0.0,0.186,0.361,-7.83,0.0677,111.202,4,4,1
Purpose,Purpose (Deluxe),Justin Bieber,2IjyFRCRn8x1bEquOM3vxg,2015-11-13,67,210160,0.481,0.9,0.285,0.0,0.123,0.316,-10.848,0.0424,130.029,0,4,1
I'm Not The Only One,In The Lonely Hour,Sam Smith,7795WJLVKJoAyVoOtCWqXN,2014-05-26,82,239316,0.677,0.529,0.485,2.04e-05,0.0766,0.493,-5.795,0.0361,82.001,5,4,1
Not About Angels,Not About Angels,Birdy,5sF7hdYvhrcgNq8NZjfK8L,2014-04-13,71,189475,0.405,0.964,0.111,4.37e-05,0.0872,0.219,-11.879,0.0369,116.86,0,4,1
Broken-Hearted Girl,I AM...SASHA FIERCE,Beyoncé,31acMiV67UgKn1ScFChFxo,2008-11-14,57,277626,0.336,0.503,0.424,0.0,0.273,0.159,-7.203,0.0353,82.149,5,4,1
Little Things,Take Me Home (Expanded Edition),One Direction,0TAmnCzOtqRfvA38DDLTjj,2012-11-12,76,219040,0.709,0.811,0.22,0.0,0.175,0.53,-11.856,0.0327,110.076,7,4,1
Unfaithful,A Girl Like Me,Rihanna,13xxBnXOuiBxVxJI458B0i,2006-04-10,71,226973,0.588,0.839,0.391,0.0,0.227,0.349,-8.607,0.0334,144.069,0,4,1
Can't Help Falling in Love,Better,Haley Reinhart,6yIHGmQLJxWAUZ1ZkENemN,2016-04-29,75,173174,0.41,0.947,0.0485,0.0,0.108,0.247,-13.918,0.038,137.97,0,4,1
Close To You,ANTI (Deluxe),Rihanna,6D2tzc8kRnZb7P1lNwMBLH,2016-01-28,63,223213,0.494,0.895,0.17,0.0,0.139,0.145,-11.368,0.0337,80.098,10,4,1
Consequences,Camila,Camila Cabello,7sTtHHrD0zDpmzQzH3zegz,2018-01-12,68,178466,0.455,0.889,0.292,0.0,0.106,0.43,-6.792,0.0563,84.339,0,5,1
September Song - Guitar Acoustic,Raised Under Grey Skies (Deluxe),JP Cooper,7bMkcxifc4EjIQKw49EC7h,2017-10-06,68,212152,0.593,0.355,0.394,0.0,0.121,0.543,-8.946,0.029,94.909,0,4,1
Don't Let Me Down,Covers,Conor Maynard,4ks6j7JsfJorc1tb4THJo8,2016-08-05,60,164129,0.446,0.913,0.37,0.0,0.126,0.209,-8.447,0.0464,108.58,9,3,1
You're Beautiful,Back to Bedlam,James Blunt,0vg4WnUWvze6pBOJDTq99k,2005-08-08,76,209493,0.675,0.633,0.479,1.76e-05,0.088,0.454,-9.87,0.0278,81.998,0,4,1
Slow Dancing in a Burning Room,Continuum,John Mayer,2jdAk8ATWIL3dwT47XpRfu,2006-09-11,74,242000,0.667,0.575,0.361,0.00506,0.0805,0.29,-8.69,0.0273,134.018,1,5,1
Lost Without You,Freya Ridings,Freya Ridings,3cWI6Hj9LQ0MfMuhw9uSMc,2019-07-19,69,225853,0.386,0.932,0.136,0.0,0.0653,0.0976,-9.267,0.0458,67.016,6,3,1
Take Me to Church,Hozier,Hozier,0aOluBqXYd0rFSCsgDyAWX,2014-10-07,62,241693,0.575,0.637,0.664,0.0,0.116,0.437,-5.303,0.0481,129.07,4,4,1
Don't Watch Me Cry,Lost & Found,Jorja Smith,202lm9YX5WmAac83tOGlVn,2018-06-08,62,190429,0.559,0.887,0.157,0.0,0.107,0.348,-10.132,0.0414,130.877,1,4,1
Hello,25,Adele,4aebBr4JAihzJQR0CiIZJv,2015-11-20,2,295502,0.47,0.329,0.431,0.0,0.0854,0.289,-6.129,0.0342,157.98,5,4,1
Love Yourself,Purpose (Deluxe),Justin Bieber,50kpGaPAhYJ3sGmk6vplg0,2015-11-13,84,233720,0.609,0.835,0.378,0.0,0.28,0.515,-9.828,0.438,100.418,4,4,1
Get You The Moon (feat. Snøw),Get You The Moon (feat. Snøw),Kina,4ZLzoOkj0MPWrTLvooIuaa,2018-10-08,80,179080,0.498,0.72,0.235,0.0,0.144,0.0895,-16.541,0.188,118.917,1,4,1
The Letter,You Should Be Here,Kehlani,3rGew9pmFEmGD9nZ12F1tN,2015-04-28,47,232169,0.448,0.855,0.241,0.0,0.124,0.131,-8.643,0.0328,131.259,10,4,1
Mirror,Mirror,Madison Ryann Ward,5G2Q4Vx9zwBAdQoEWgM8uX,2018-04-06,63,194746,0.646,0.43,0.42,0.0,0.107,0.0925,-6.21,0.084,129.468,6,3,1
You Say,Look Up Child,Lauren Daigle,6Up545NUflOiXo8cEraH49,2018-09-07,75,274693,0.494,0.682,0.632,0.0,0.0869,0.0797,-6.89,0.0342,147.873,5,4,1
Liability,Melodrama,Lorde,6Kkt27YmFyIFrcX3QXFi2o,2017-06-16,74,171727,0.587,0.92,0.229,0.0,0.1,0.379,-11.254,0.128,75.67,10,4,1
scared,brent,Jeremy Zucker,6r2JV75tE0vNgNCv4HKsBC,2019-05-03,66,207520,0.583,0.933,0.075,1.4e-06,0.111,0.347,-15.843,0.0726,108.418,5,4,1
my boyfriend,my boyfriend,Ava Della Pietra,1NGquryMIKyUBbzId9M3hd,2022-05-20,44,162516,0.549,0.783,0.368,0.0,0.322,0.494,-7.349,0.0289,130.8,0,4,1
If the World Was Ending (feat. Julia Michaels),If the World Was Ending (feat. Julia Michaels),JP Saxe,2kJwzbxV2ppxnQoYw4GLBZ,2019-10-17,79,208687,0.464,0.866,0.473,0.0,0.109,0.604,-10.086,0.129,75.801,1,4,1
The One That Got Away - Acoustic,Teenage Dream: The Complete Confection,Katy Perry,5jx8tCxiO0uIbo2uNia23K,2012-03-12,68,259040,0.714,0.697,0.434,0.0,0.0919,0.352,-11.542,0.0396,123.942,4,4,1
Million Reasons,Joanne (Deluxe),Lady Gaga,7dZ1Odmx9jWIweQSatnRqo,2016-10-21,77,205280,0.666,0.494,0.423,0.0,0.106,0.154,-8.012,0.043,129.89,0,4,1
We Don't Talk Anymore (feat. Selena Gomez),Nine Track Mind,Charlie Puth,37FXw5QGFN7uwwsLy8uAc0,2016-01-29,70,217706,0.728,0.621,0.563,0.0,0.179,0.352,-8.053,0.134,100.017,1,4,1
Unknown (To You),Village,Jacob Banks,4jDDaKTqcZQWvgubuW6N7l,2018-11-02,59,233160,0.367,0.895,0.538,0.000581,0.149,0.274,-5.121,0.0421,129.092,8,4,1
Last Kiss,Speak Now (Deluxe Edition),Taylor Swift,1D27z8xNzjW0Mwwt1NCWhJ,2010-10-25,58,367133,0.371,0.57,0.341,3.09e-05,0.101,0.196,-9.475,0.0319,89.038,10,1,1
Lost Boy,Safe Haven,Ruth B.,0zMzyHAeMvwq5CRstru1Fp,2017-05-05,68,276066,0.586,0.963,0.128,0.0,0.0858,0.371,-9.297,0.0496,123.498,7,4,1
Before You Go,Divinely Uninspired To A Hellish Extent (Extended Edition),Lewis Capaldi,2gMXnyrvIjhVBUZwvLZDMP,2019-11-22,83,215106,0.459,0.604,0.575,0.0,0.0885,0.183,-4.858,0.0573,111.881,3,4,1
Chasing Cars,"Covers, Vol. 2",Sleeping At Last,2d7LPtieXdIYzf7yHPooWd,2016-11-04,62,242564,0.467,0.974,0.157,1.46e-06,0.0816,0.277,-9.649,0.0336,108.13,11,4,1
Nothing Like Us,Believe Acoustic,Justin Bieber,30Co9eN7JHPf1i2wEyVSMJ,2013-01-01,62,199800,0.546,0.987,0.155,6.02e-05,0.18,0.512,-14.378,0.0428,72.331,0,4,1
Back At One,Back At One,Brian McKnight,6mwA6YiKDjAUG8kWvRRUPh,1999-09-21,70,263666,0.661,0.452,0.346,0.0,0.131,0.256,-9.115,0.03,129.752,11,4,1
Sorry,hopeless fountain kingdom (Deluxe),Halsey,44n97yHySt0Z9rqPaXgjCK,2017-06-02,74,220540,0.513,0.913,0.25,0.0,0.117,0.351,-9.376,0.0367,74.103,5,4,1
Out Of Love,The Pains Of Growing,Alessia Cara,4WzhjxvLP95y7AMDy0Atwb,2018-11-30,74,227693,0.481,0.8,0.267,0.0,0.249,0.137,-9.249,0.0339,117.64,7,3,1
Rise Up,Cheers to the Fall,Andra Day,0tV8pOpiNsKqUys0ilUcXz,2015-08-28,74,253342,0.398,0.805,0.316,0.0,0.295,0.174,-7.031,0.0368,118.582,1,4,1
July,THE END OF EVERYTHING,Noah Cyrus,6J2LdBN97cDWn0MLxYh9HB,2020-05-15,80,156106,0.708,0.868,0.186,0.0,0.0779,0.322,-8.953,0.042,72.541,9,4,1
Hold On,Hold On,Chord Overstreet,5vjLSffimiIP26QG5WcN2K,2017-02-03,82,198853,0.618,0.469,0.443,0.0,0.0829,0.167,-9.681,0.0526,119.949,2,4,1
idfc,deadroses,blackbear,6y6jbcPG4Yn3Du4moXaenr,2015-02-14,76,245172,0.63,0.611,0.5,4.04e-05,0.114,0.315,-8.755,0.0611,144.871,1,4,1
Be Alright,A Place We Knew,Dean Lewis,5qrSlOut2rNAWv3ubArkNy,2019-03-22,75,196493,0.551,0.705,0.537,0.0,0.0802,0.493,-7.595,0.034,126.421,11,4,1
Boys Like You - Acoustic,Boys Like You (Acoustic),Anna Clendening,51xRMJFRBrW9C1RI1qW4S0,2017-04-28,65,238576,0.477,0.928,0.128,0.0,0.0875,0.38,-14.567,0.0707,88.917,2,4,1
This Town,Flicker (Deluxe),Niall Horan,0qvzXomUDJVaUboy2wMfiS,2017-10-20,79,232852,0.677,0.712,0.401,0.0,0.116,0.195,-8.467,0.0308,111.825,9,4,1
Already Gone,"Covers, Vol. 2",Sleeping At Last,5zCunX8URvLoBHlg1Fnjv6,2016-11-04,70,243007,0.418,0.954,0.248,4.21e-06,0.108,0.298,-9.997,0.0451,130.953,3,4,1
Heather,Kid Krow,Conan Gray,4xqrdfXkTW4T0RauPLv3WA,2020-03-20,86,198040,0.357,0.584,0.425,0.0,0.322,0.27,-7.301,0.0333,102.078,5,3,1
Grow Old with Me,Long Way Down (Deluxe),Tom Odell,6xjxMWGsprmtUVMDaMhgH0,2013-06-24,58,182720,0.505,0.799,0.591,2.46e-06,0.174,0.39,-8.397,0.0302,146.174,7,4,1
changes,?,XXXTENTACION,7AFASza1mXqntmGtbxXprO,2018-03-16,80,121886,0.669,0.883,0.308,0.0,0.0984,0.52,-10.068,0.029,64.934,11,4,1
drivers license,drivers license,Olivia Rodrigo,7lPN2DXiMsVn7XUKtOW1CS,2021-01-08,31,242013,0.585,0.721,0.436,1.31e-05,0.105,0.132,-8.761,0.0601,143.874,10,4,1
listen before i go,"WHEN WE ALL FALL ASLEEP, WHERE DO WE GO?",Billie Eilish,0tMSssfxAL2oV8Vri0mFHE,2019-03-29,77,242652,0.319,0.935,0.0561,0.00384,0.388,0.082,-23.023,0.045,79.764,0,3,1
Yellow Lights,Yesterday's Tomorrow Night,Harry Hudson,524dq3zKwXrP4uPL6VwoWT,2018-03-30,63,171381,0.444,0.844,0.21,0.0,0.0956,0.306,-10.811,0.0516,145.944,3,1,1
If I Could Fly,Made In The A.M. (Deluxe Edition),One Direction,5CRVwXGikmqzoRO6q7FeAg,2015-11-13,71,230320,0.565,0.781,0.245,0.0,0.0998,0.307,-9.132,0.0262,75.055,5,4,1
the broken hearts club,we,Garrett Nash,3Uu6pcfL9xsdfsKRx3DXRf,2019-01-11,60,184694,0.62,0.801,0.288,0.0,0.37,0.691,-9.431,0.123,100.385,4,4,1
I Love You,It's About Us,Alex & Sierra,2ELVVIbpucfOqGFC21Q4yR,2014-10-06,58,229640,0.525,0.658,0.439,0.0,0.0636,0.238,-6.596,0.0259,84.956,0,4,1
Her,Her,Anne-Marie,2GjQ5KNXggsIRpx5ZUj2zX,2020-03-22,66,177568,0.567,0.87,0.395,0.0,0.106,0.329,-5.568,0.0303,119.849,10,4,1
Lose You To Love Me,Lose You To Love Me,Selena Gomez,1HfMVBKM75vxSfsQ5VefZ5,2019-10-23,26,206458,0.505,0.576,0.34,0.0,0.21,0.0916,-9.005,0.0438,101.993,4,4,1
Before You Go,Before You Go,Lewis Capaldi,7ce20yLkzuXXLUhzIDoZih,2019-11-19,75,215106,0.459,0.604,0.575,0.0,0.0885,0.183,-4.858,0.0573,111.881,3,4,1
Easy On Me,Easy On Me,Adele,0gplL1WMoJ6iYaPgMCL0gX,2021-10-14,87,224694,0.604,0.578,0.366,0.0,0.133,0.13,-7.519,0.0282,141.981,5,4,1
I Will Always Love You,The Bodyguard - Original Soundtrack Album,Whitney Houston,4eHbdreAnSOrDDsFfc4Fpm,1992-11-17,77,271093,0.332,0.845,0.214,5.62e-06,0.0839,0.11,-12.518,0.0349,67.531,4,4,1
